交易时间，短分时级别格式为yyyy-MM-dd HH:mm:ss，日线级别为yyyy-MM-dd,DIFF值,DEA值,MACD值,EMA（12）值,EMA（26）值
2018-01-18,0.0,0.0,0.0,23.83,23.83
2018-01-19,0.19,0.038,0.304,24.1962,24.0063
2018-01-22,0.546,0.14,0.812,24.9091,24.3636
2018-01-23,1.048,0.321,1.453,25.9554,24.9078
2018-01-24,1.682,0.593,2.177,27.3284,25.6465
2018-01-25,2.438,0.962,2.952,29.0271,26.589
2018-01-26,3.309,1.432,3.755,31.0552,27.7461
2018-01-29,4.291,2.004,4.574,33.4206,29.1301
2018-01-30,5.381,2.679,5.403,36.1359,30.7553
2018-01-31,6.581,3.459,6.243,39.2196,32.6386
2018-02-01,7.831,4.334,6.995,42.5704,34.7394
2018-02-02,8.235,5.114,6.241,44.4673,36.2328
2018-02-05,8.019,5.695,4.648,45.2277,37.2089
2018-02-06,7.364,6.029,2.671,45.1111,37.7468
2018-02-07,6.994,6.222,1.544,45.4479,38.4544
2018-02-08,6.655,6.308,0.693,45.7944,39.1393
2018-02-09,6.31,6.309,0.003,46.0799,39.7697
2018-02-12,6.349,6.317,0.064,47.0553,40.7068
2018-02-13,5.888,6.231,-0.686,47.0745,41.1863
2018-02-14,5.207,6.026,-1.639,46.6015,41.3947
2018-02-22,4.76,5.773,-2.027,46.4828,41.7232
2018-02-23,4.4,5.498,-2.197,46.4685,42.0689
2018-02-26,4.267,5.252,-1.97,46.841,42.5742
2018-02-27,4.231,5.048,-1.634,47.3808,43.1502
2018-02-28,3.766,4.791,-2.051,47.0884,43.3228
2018-03-01,3.721,4.577,-1.712,47.541,43.8196
2018-03-02,4.043,4.47,-0.854,48.6932,44.65
2018-03-05,4.688,4.514,0.348,50.5142,45.8263
2018-03-06,5.622,4.736,1.773,52.9859,47.3636
2018-03-07,6.822,5.153,3.337,56.1019,49.2804
2018-03-08,8.267,5.776,4.983,59.8647,51.5974
2018-03-16,9.949,6.61,6.677,64.2886,54.3398
2018-03-19,11.86,7.66,8.399,69.395,57.5354
2018-03-20,13.999,8.928,10.143,75.2158,61.2165
2018-03-21,15.885,10.319,11.131,80.8518,64.9671
2018-03-22,16.954,11.646,10.615,85.1823,68.2288
2018-03-23,18.467,13.01,10.914,90.5235,72.0563
2018-03-26,19.015,14.211,9.608,94.2183,75.2032
2018-03-27,20.141,15.397,9.488,99.1063,78.9652
2018-04-04,21.799,16.678,10.242,105.1807,83.3819
2018-04-09,23.955,18.133,11.644,112.4529,88.4981
2018-04-10,24.626,19.432,10.389,117.1694,92.5434
2018-04-11,25.285,20.602,9.366,121.9587,96.6735
2018-04-12,25.011,21.484,7.054,125.042,100.031
2018-04-13,23.701,21.927,3.547,126.0878,102.3872
2018-04-16,22.576,22.057,1.038,127.3051,104.7289
2018-04-17,20.8,21.806,-2.012,127.1043,106.3045
2018-04-18,19.482,21.341,-3.718,127.5344,108.0523
2018-04-19,17.669,20.607,-5.875,126.8214,109.1521
2018-04-20,15.102,19.506,-8.807,124.395,109.2927
2018-04-23,13.13,18.231,-10.2,122.7496,109.6192
2018-04-24,12.343,17.053,-9.42,123.1066,110.7637
2018-04-25,11.229,15.888,-9.319,122.721,111.4923
2018-04-26,9.628,14.636,-10.016,121.2378,111.6099
2018-04-27,8.218,13.352,-10.269,119.8935,111.6758
2018-05-02,7.618,12.205,-9.176,119.9099,112.2924
2018-05-03,7.198,11.204,-8.012,120.1884,112.9907
2018-05-04,6.156,10.194,-8.077,119.2071,113.0514
2018-05-07,6.177,9.391,-6.428,120.1275,113.9506
2018-05-08,5.781,8.669,-5.776,120.2463,114.4654
2018-05-09,5.354,8.006,-5.304,120.2484,114.8946
2018-05-10,4.74,7.353,-5.226,119.8286,115.0891
2018-05-11,4.18,6.718,-5.075,119.4273,115.2469
2018-05-14,3.607,6.096,-4.978,118.9185,115.3116
2018-05-15,3.394,5.556,-4.323,119.0233,115.6293
2018-05-16,3.02,5.048,-4.058,118.7859,115.7664
2018-05-17,2.661,4.571,-3.819,118.5265,115.8652
2018-05-18,2.459,4.149,-3.379,118.5163,116.0574
2018-05-21,3.218,3.962,-1.489,120.3307,117.1131
2018-05-22,3.341,3.838,-0.993,121.0291,117.6877
2018-05-23,3.429,3.756,-0.655,121.6754,118.2464
2018-05-24,3.057,3.617,-1.118,121.4484,118.3911
2018-05-25,2.283,3.35,-2.134,120.3917,118.1088
2018-05-28,1.265,2.933,-3.336,118.7545,117.4896
2018-05-29,0.672,2.481,-3.617,117.7923,117.12
2018-05-30,-0.697,1.845,-5.084,115.2473,115.9444
2018-05-31,-1.634,1.149,-5.567,113.34,114.9744
2018-06-01,-2.721,0.375,-6.192,111.0108,113.7319
2018-06-04,-3.558,-0.412,-6.293,109.0076,112.5658
2018-06-05,-3.903,-1.11,-5.586,107.8341,111.7372
2018-06-06,-4.241,-1.736,-5.009,106.6258,110.8663
2018-06-07,-4.737,-2.336,-4.801,105.0634,109.7999
2018-06-08,-5.013,-2.872,-4.283,103.8536,108.8666
2018-06-11,-5.3,-3.357,-3.886,102.5838,107.8839
2018-06-12,-5.6,-3.806,-3.589,101.2478,106.8481
2018-06-13,-6.063,-4.257,-3.611,99.5558,105.6186
2018-06-14,-5.636,-4.533,-2.206,99.5134,105.1491
2018-06-15,-5.742,-4.775,-1.934,98.5036,104.2455
2018-06-19,-6.432,-5.106,-2.652,96.3523,102.7844
2018-06-20,-6.718,-5.429,-2.578,94.8827,101.6004
2018-06-21,-7.295,-5.802,-2.986,92.81,100.1048
2018-06-22,-7.504,-6.142,-2.723,91.3654,98.8689
2018-06-25,-7.468,-6.407,-2.121,90.363,97.8305
2018-06-26,-7.115,-6.549,-1.132,89.9764,97.0912
2018-06-27,-6.693,-6.578,-0.231,89.7739,96.4667
2018-06-28,-6.61,-6.584,-0.052,88.9779,95.5877
2018-06-29,-6.055,-6.478,0.847,89.1044,95.159
2018-07-02,-5.773,-6.337,1.128,88.7822,94.5554
2018-07-03,-5.256,-6.121,1.729,88.9542,94.2106
2018-07-04,-5.333,-5.963,1.262,88.0566,93.3891
2018-07-05,-5.477,-5.866,0.779,87.0171,92.4936
2018-07-06,-5.325,-5.758,0.865,86.5268,91.8519
2018-07-09,-5.024,-5.611,1.174,86.3473,91.371
2018-07-10,-4.592,-5.407,1.631,86.4631,91.0546
2018-07-11,-4.372,-5.2,1.656,86.2303,90.6024
2018-07-12,-3.922,-4.945,2.044,86.4733,90.3956
2018-07-13,-3.615,-4.679,2.127,86.5051,90.1204
2018-07-16,-3.291,-4.401,2.221,86.6151,89.9056
2018-07-17,-3.129,-4.147,2.036,86.4574,89.5859
2018-07-18,-3.147,-3.947,1.599,85.9747,89.1218
2018-07-19,-3.249,-3.807,1.116,85.3278,88.5772
2018-07-20,-3.226,-3.691,0.929,84.9081,88.1344
2018-07-23,-3.189,-3.591,0.803,84.5192,87.7081
2018-07-24,-3.004,-3.473,0.939,84.4209,87.4245
2018-07-25,-2.984,-3.375,0.783,84.03,87.0138
2018-07-26,-3.435,-3.387,-0.095,82.7346,86.1691
2018-07-27,-3.825,-3.475,-0.701,81.4908,85.3158
2018-07-30,-4.215,-3.623,-1.184,80.1922,84.4072
2018-07-31,-4.442,-3.787,-1.311,79.1519,83.5941
2018-08-01,-4.676,-3.965,-1.422,78.067,82.7427
2018-08-02,-4.679,-4.108,-1.144,77.3921,82.0714
2018-08-03,-4.887,-4.264,-1.248,76.3225,81.2098
2018-08-06,-5.285,-4.468,-1.634,74.8575,80.1424
2018-08-07,-5.296,-4.633,-1.325,74.081,79.377
2018-08-08,-5.469,-4.8,-1.336,72.9916,78.4602
2018-08-09,-5.007,-4.842,-0.331,73.1006,78.1076
2018-08-10,-4.663,-4.806,0.285,73.0482,77.7115
2018-08-13,-4.323,-4.709,0.773,73.0392,77.3618
2018-08-14,-4.089,-4.585,0.992,72.8716,76.9609
2018-08-15,-4.051,-4.478,0.856,72.3621,76.4127
2018-08-16,-4.095,-4.402,0.613,71.6972,75.7925
2018-08-17,-4.177,-4.357,0.36,70.9546,75.1316
2018-08-20,-4.057,-4.297,0.48,70.5893,74.6463
2018-08-21,-3.787,-4.195,0.816,70.5309,74.3177
2018-08-22,-3.714,-4.099,0.77,70.1308,73.8445
2018-08-23,-3.385,-3.956,1.141,70.2338,73.619
2018-08-24,-3.112,-3.787,1.35,70.2763,73.3887
2018-08-27,-2.76,-3.582,1.643,70.5107,73.271
2018-08-28,-2.524,-3.37,1.692,70.5721,73.0961
2018-08-29,-2.372,-3.171,1.598,70.5056,72.8771
2018-08-30,-2.236,-2.984,1.495,70.4278,72.664
2018-08-31,-2.345,-2.856,1.022,69.8989,72.2437
2018-09-03,-2.586,-2.802,0.432,69.0991,71.6849
2018-09-04,-2.693,-2.78,0.174,68.5223,71.2156
2018-09-05,-2.75,-2.774,0.048,68.0281,70.7781
2018-09-06,-2.725,-2.764,0.079,67.6838,70.4086
2018-09-07,-2.589,-2.729,0.281,67.5571,70.1457
2018-09-10,-2.279,-2.639,0.721,67.7852,70.0638
2018-09-11,-2.065,-2.524,0.919,67.8721,69.9369
2018-09-12,-1.889,-2.397,1.016,67.9164,69.8053
2018-09-13,-1.679,-2.254,1.148,68.0508,69.7301
2018-09-14,-1.852,-2.173,0.643,67.4784,69.3301
2018-09-17,-2.028,-2.144,0.232,66.874,68.9019
2018-09-18,-2.081,-2.132,0.1,66.4811,68.5625
2018-09-19,-1.878,-2.081,0.406,66.5763,68.4542
2018-09-20,-1.797,-2.024,0.455,66.4646,68.2613
2018-09-21,-1.706,-1.96,0.51,66.3839,68.0894
2018-09-25,-1.62,-1.892,0.544,66.3048,67.925
2018-09-26,-1.477,-1.809,0.665,66.3502,67.8269
2018-09-27,-1.292,-1.706,0.827,66.4948,67.7871
2018-09-28,-0.918,-1.548,1.261,67.0325,67.9503
2018-10-08,-0.787,-1.396,1.218,67.1537,67.9406
2018-10-09,-0.526,-1.222,1.393,67.5454,68.0709
2018-10-10,-0.235,-1.025,1.579,68.0307,68.2656
2018-10-11,-0.56,-0.932,0.744,67.3706,67.9304
2018-10-12,-1.086,-0.962,-0.246,66.2767,67.3622
2018-10-15,-1.538,-1.078,-0.92,65.2495,66.7872
2018-10-16,-1.819,-1.226,-1.187,64.4865,66.3059
2018-10-17,-1.935,-1.368,-1.134,64.004,65.9388
2018-10-18,-2.111,-1.516,-1.189,63.388,65.4989
2018-10-19,-2.127,-1.638,-0.977,63.056,65.1827
2018-10-22,-1.919,-1.694,-0.448,63.1535,65.0721
2018-10-23,-1.88,-1.732,-0.298,62.953,64.8334
2018-10-24,-1.911,-1.767,-0.286,62.6264,64.5369
2018-10-25,-2.286,-1.871,-0.83,61.6285,63.9149
2018-10-26,-2.543,-2.006,-1.075,60.8072,63.3501
2018-10-29,-2.794,-2.163,-1.261,59.9599,62.7538
2018-10-30,-2.807,-2.292,-1.03,59.5353,62.3424
2018-10-31,-2.778,-2.389,-0.777,59.1914,61.9689
2018-11-01,-2.643,-2.44,-0.406,59.0543,61.6971
2018-11-02,-2.382,-2.428,0.092,59.1798,61.5618
2018-11-05,-2.155,-2.374,0.437,59.2768,61.432
2018-11-06,-1.476,-2.194,1.436,60.2788,61.7548
2018-11-07,-1.022,-1.96,1.875,60.9436,61.9656
2018-11-08,-0.866,-1.741,1.75,61.0984,61.9644
2018-11-09,-0.813,-1.555,1.485,61.0771,61.89
2018-11-12,-0.63,-1.37,1.48,61.3129,61.9433
2018-11-13,-0.531,-1.202,1.344,61.4155,61.946
2018-11-14,-0.373,-1.037,1.327,61.6439,62.0167
2018-11-15,0.036,-0.822,1.716,62.3787,62.3429
2018-11-16,0.521,-0.553,2.149,63.3204,62.799
2018-11-19,0.832,-0.276,2.217,63.9942,63.162
2018-11-20,1.089,-0.003,2.185,64.6089,63.5196
2018-11-21,1.165,0.231,1.869,64.9106,63.7456
2018-11-22,1.267,0.438,1.658,65.2736,64.0067
2018-11-23,1.064,0.563,1.001,65.0623,63.9988
2018-11-26,0.612,0.573,0.079,64.3435,63.7315
2018-11-27,0.235,0.505,-0.541,63.703,63.4684
2018-11-28,0.018,0.408,-0.78,63.3179,63.3004
2018-11-29,-0.417,0.243,-1.319,62.4828,62.8996
2018-11-30,-0.693,0.056,-1.497,61.8901,62.5833
2018-12-03,-0.753,-0.106,-1.293,61.6762,62.429
2018-12-04,-0.749,-0.235,-1.029,61.5752,62.3246
2018-12-05,-0.828,-0.353,-0.948,61.3175,62.145
2018-12-06,-0.983,-0.479,-1.008,60.8994,61.8824
2018-12-07,-1.092,-0.602,-0.98,60.5487,61.6407
2018-12-10,-1.208,-0.723,-0.97,60.1689,61.3769
2018-12-11,-1.25,-0.828,-0.843,59.9152,61.1653
2018-12-12,-1.262,-0.915,-0.694,59.7129,60.9753
2018-12-13,-1.211,-0.974,-0.473,59.6325,60.8431
2018-12-14,-1.309,-1.041,-0.536,59.269,60.5784
2018-12-17,-1.33,-1.099,-0.461,59.043,60.3726
2018-12-18,-1.338,-1.147,-0.383,58.8364,60.1746
2018-12-19,-1.354,-1.188,-0.331,58.6154,59.9691
2018-12-20,-1.295,-1.21,-0.17,58.5361,59.8306
2018-12-21,-1.123,-1.192,0.138,58.6813,59.8046
2018-12-24,-0.863,-1.127,0.527,59.0226,59.8857
2018-12-25,-0.761,-1.053,0.585,59.096,59.8571
2018-12-26,-0.754,-0.994,0.479,59.0012,59.7551
2018-12-27,-0.918,-0.979,0.12,58.5764,59.4947
2018-12-28,-1.211,-1.025,-0.371,57.8816,59.0921
2019-01-02,-1.515,-1.123,-0.784,57.1214,58.6364
2019-01-03,-1.881,-1.275,-1.213,56.1996,58.0804
2019-01-04,-2.101,-1.44,-1.323,55.5058,57.607
2019-01-07,-2.197,-1.591,-1.212,55.0203,57.2176
2019-01-08,-2.253,-1.724,-1.059,54.5987,56.8519
2019-01-09,-2.275,-1.834,-0.882,54.2343,56.5095
2019-01-10,-2.327,-1.933,-0.789,53.809,56.1362
2019-01-11,-2.752,-2.097,-1.312,52.6568,55.4091
2019-01-14,-3.164,-2.31,-1.708,51.4696,54.6336
2019-01-15,-3.48,-2.544,-1.872,50.4081,53.8881
2019-01-16,-3.658,-2.767,-1.783,49.5669,53.2253
2019-01-17,-3.865,-2.987,-1.757,48.6458,52.5108
2019-01-18,-3.925,-3.174,-1.502,47.9772,51.9026
2019-01-21,-3.914,-3.322,-1.183,47.4392,51.3528
2019-01-22,-3.827,-3.423,-0.808,47.047,50.8741
2019-01-23,-3.746,-3.488,-0.516,46.6567,50.4027
2019-01-24,-3.555,-3.501,-0.108,46.4895,50.0447
2019-01-25,-3.451,-3.491,0.08,46.1819,49.6332
2019-01-28,-3.371,-3.467,0.193,45.8447,49.2152
2019-01-29,-3.399,-3.453,0.109,45.3086,48.7074
2019-01-30,-3.22,-3.407,0.374,45.1688,48.3883
2019-01-31,-3.243,-3.374,0.263,44.6644,47.9069
2019-02-01,-3.13,-3.325,0.391,44.4191,47.5486
2019-02-11,-2.898,-3.24,0.682,44.4177,47.3161
2019-02-12,-2.642,-3.12,0.956,44.4981,47.1401
2019-02-13,-2.305,-2.957,1.304,44.7707,47.0756
2019-02-14,-2.003,-2.766,1.526,45.0229,47.0263
2019-02-15,-1.761,-2.565,1.608,45.204,46.9651
2019-02-18,-1.369,-2.326,1.915,45.7095,47.0781
2019-02-19,-0.956,-2.052,2.192,46.3096,47.2656
2019-02-20,-0.553,-1.752,2.399,46.9512,47.5037
2019-02-21,0.173,-1.367,3.08,48.271,48.0982
2019-02-22,1.182,-0.857,4.078,50.2416,49.0598
2019-02-25,2.116,-0.263,4.757,52.2121,50.0961
2019-02-26,2.682,0.326,4.711,53.6056,50.9238
2019-02-27,2.745,0.81,3.87,54.1109,51.3657
2019-02-28,2.852,1.219,3.267,54.7092,51.8571
2019-03-01,3.153,1.605,3.095,55.697,52.544
2019-03-04,3.414,1.967,2.894,56.6513,53.237
2019-03-05,3.604,2.295,2.619,57.5049,53.9009
2019-03-06,3.851,2.606,2.491,58.4965,54.6453
2019-03-07,4.149,2.914,2.468,59.6201,55.4716
2019-03-08,4.454,3.222,2.463,60.8016,56.3478
2019-03-11,4.651,3.508,2.286,61.8183,57.1672
2019-03-12,4.741,3.755,1.973,62.657,57.9156
2019-03-13,4.824,3.969,1.711,63.4944,58.67
2019-03-14,4.428,4.061,0.734,63.4183,58.9907
2019-03-15,4.023,4.053,-0.06,63.2709,59.2477
2019-03-18,3.741,3.991,-0.499,63.3015,59.5605
2019-03-19,3.553,3.903,-0.7,63.4736,59.9205
2019-03-20,3.184,3.759,-1.151,63.2684,60.0849
2019-03-21,2.894,3.586,-1.384,63.1656,60.2712
2019-03-22,2.673,3.404,-1.461,63.1524,60.4793
2019-03-25,2.399,3.203,-1.607,63.0059,60.6068
2019-03-26,1.958,2.954,-1.992,62.4973,60.5396
2019-03-27,1.562,2.675,-2.226,62.0146,60.4522
2019-03-28,1.04,2.348,-2.616,61.2308,60.1906
2019-03-29,0.887,2.056,-2.339,61.083,60.1965
2019-04-01,0.974,1.84,-1.732,61.3779,60.4042
2019-04-02,1.243,1.72,-0.954,62.0367,60.7935
2019-04-03,1.351,1.646,-0.591,62.4218,61.071
2019-04-04,1.221,1.561,-0.68,62.3646,61.1435
2019-04-08,1.022,1.453,-0.863,62.1547,61.1329
2019-04-09,0.918,1.346,-0.857,62.1001,61.1823
2019-04-10,0.666,1.21,-1.088,61.7462,61.0799
2019-04-11,0.416,1.052,-1.271,61.3591,60.9429
2019-04-12,0.132,0.868,-1.472,60.87,60.7382
2019-04-15,-0.147,0.665,-1.623,60.3515,60.4983
2019-04-16,-0.172,0.497,-1.339,60.282,60.454
2019-04-17,-0.244,0.349,-1.186,60.1186,60.3626
2019-04-18,-0.35,0.209,-1.119,59.8788,60.2291
2019-04-19,-0.478,0.072,-1.1,59.5821,60.0603
2019-04-22,-0.646,-0.072,-1.148,59.191,59.8366
2019-04-23,-0.785,-0.214,-1.14,58.8308,59.6154
2019-04-24,-0.905,-0.353,-1.105,58.4861,59.3913
2019-04-25,-1.126,-0.507,-1.237,57.9313,59.0571
2019-04-26,-1.324,-0.671,-1.307,57.388,58.7121
2019-04-29,-1.724,-0.881,-1.685,56.4283,58.1519
2019-04-30,-2.008,-1.107,-1.803,55.6332,57.6414
2019-05-06,-2.394,-1.364,-2.06,54.6019,56.9961
2019-05-07,-2.663,-1.624,-2.078,53.7416,56.4045
2019-05-08,-2.847,-1.869,-1.957,53.006,55.8531
2019-05-09,-2.996,-2.094,-1.803,52.3128,55.3084
2019-05-10,-2.966,-2.268,-1.396,51.9416,54.9078
2019-05-13,-3.012,-2.417,-1.19,51.429,54.4413
2019-05-14,-3.015,-2.537,-0.956,50.9938,54.0086
2019-05-15,-2.899,-2.609,-0.579,50.7871,53.6857
2019-05-16,-2.826,-2.652,-0.347,50.5137,53.3394
2019-05-17,-2.959,-2.714,-0.49,49.8531,52.812
2019-05-20,-2.937,-2.758,-0.357,49.4726,52.4096
2019-05-21,-2.777,-2.762,-0.03,49.3614,52.1385
2019-05-22,-2.231,-2.656,0.85,50.0181,52.249
2019-05-23,-1.809,-2.486,1.356,50.5138,52.3224
2019-05-24,-1.693,-2.328,1.27,50.4794,52.1719
2019-05-27,-1.455,-2.153,1.396,50.6949,52.1503
2019-05-28,-1.24,-1.971,1.462,50.9034,52.1429
2019-05-29,-1.052,-1.787,1.469,51.0875,52.1397
2019-05-30,-0.78,-1.586,1.611,51.4617,52.2419
2019-05-31,-0.6,-1.388,1.577,51.6984,52.2981
2019-06-03,-0.603,-1.231,1.256,51.6063,52.2094
2019-06-04,-0.55,-1.095,1.09,51.6223,52.1724
2019-06-05,-0.546,-0.985,0.878,51.5512,52.0974
2019-06-06,-0.661,-0.921,0.518,51.251,51.9124
2019-06-10,-0.76,-0.888,0.257,50.9662,51.7263
2019-06-11,-0.682,-0.847,0.33,51.0083,51.6903
2019-06-12,-0.64,-0.806,0.331,50.9916,51.6318
2019-06-13,-0.564,-0.757,0.386,51.0467,51.6109
2019-06-14,-0.647,-0.735,0.176,50.8057,51.4531
2019-06-17,-0.729,-0.734,0.01,50.5556,51.2847
2019-06-18,-0.778,-0.743,-0.071,50.3563,51.1347
2019-06-19,-0.76,-0.747,-0.028,50.2799,51.0403
2019-06-20,-0.591,-0.715,0.249,50.4984,51.0892
2019-06-21,-0.446,-0.661,0.432,50.694,51.1396
2019-06-24,-0.351,-0.599,0.497,50.8134,51.1641
2019-06-25,-0.392,-0.558,0.332,50.6836,51.0756
2019-06-26,-0.475,-0.541,0.133,50.4677,50.9426
2019-06-27,-0.491,-0.531,0.08,50.3681,50.8594
2019-06-28,-0.625,-0.55,-0.151,50.0392,50.6646
2019-07-01,-0.549,-0.55,0.002,50.0978,50.6465
2019-07-02,-0.523,-0.544,0.043,50.0689,50.5919
2019-07-03,-0.57,-0.549,-0.04,49.9045,50.474
2019-07-04,-0.6,-0.559,-0.08,49.7653,50.3648
2019-07-05,-0.628,-0.573,-0.11,49.6245,50.2526
2019-07-08,-0.824,-0.623,-0.401,49.1577,49.9813
2019-07-09,-0.967,-0.692,-0.549,48.7642,49.7308
2019-07-10,-1.021,-0.758,-0.526,48.522,49.5426
2019-07-11,-1.059,-0.818,-0.481,48.3032,49.3617
2019-07-12,-1.103,-0.875,-0.457,48.0658,49.169
2019-07-15,-0.965,-0.893,-0.145,48.1741,49.1394
2019-07-16,-0.834,-0.881,0.095,48.2904,49.1239
2019-07-17,-0.675,-0.84,0.329,48.4765,49.1518
2019-07-18,-0.705,-0.813,0.216,48.3232,49.028
2019-07-19,-0.618,-0.774,0.312,48.3904,49.0081
2019-07-22,-0.641,-0.747,0.213,48.258,48.8986
2019-07-23,-0.658,-0.729,0.143,48.1337,48.7913
2019-07-24,-0.58,-0.699,0.24,48.1901,48.7697
2019-07-25,-0.431,-0.646,0.43,48.3947,48.8253
2019-07-26,-0.314,-0.579,0.531,48.5586,48.8723
2019-07-29,-0.022,-0.468,0.891,49.0757,49.0981
2019-07-30,0.117,-0.351,0.935,49.341,49.2242
2019-07-31,0.217,-0.237,0.908,49.5501,49.3335
2019-08-01,0.3,-0.13,0.86,49.7424,49.4421
2019-08-02,0.406,-0.023,0.858,49.9897,49.5834
2019-08-05,0.389,0.06,0.659,50.0144,49.6254
2019-08-06,0.216,0.091,0.251,49.7368,49.5206
2019-08-07,-0.001,0.073,-0.148,49.3481,49.3494
2019-08-08,-0.138,0.03,-0.337,49.0838,49.222
2019-08-09,-0.304,-0.036,-0.535,48.7448,49.0485
2019-08-12,-0.305,-0.09,-0.429,48.6994,49.0042
2019-08-13,-0.298,-0.132,-0.333,48.6687,48.9669
2019-08-14,-0.057,-0.117,0.12,49.092,49.1486
2019-08-15,0.21,-0.051,0.522,49.5978,49.388
2019-08-16,0.363,0.031,0.663,49.9228,49.56
2019-08-19,0.762,0.178,1.168,50.7439,49.9822
2019-08-20,1.004,0.343,1.323,51.3202,50.3161
2019-08-21,1.267,0.528,1.479,51.9709,50.7038
2019-08-22,1.391,0.7,1.381,52.3908,50.9998
2019-08-23,1.416,0.844,1.146,52.6384,51.222
2019-08-26,1.401,0.955,0.892,52.811,51.41
2019-08-27,1.414,1.047,0.735,53.037,51.6226
2019-08-28,1.45,1.128,0.645,53.3082,51.858
2019-08-29,1.601,1.222,0.758,53.8069,52.2056
2019-08-30,1.505,1.279,0.452,53.8489,52.3444
2019-09-02,1.516,1.326,0.38,54.086,52.57
2019-09-03,1.461,1.353,0.215,54.1958,52.7352
2019-09-04,1.838,1.45,0.775,55.1318,53.2941
2019-09-05,2.079,1.576,1.006,55.8592,53.7805
2019-09-06,2.127,1.686,0.883,56.2501,54.1227
2019-09-09,2.548,1.858,1.38,57.3655,54.8173
2019-09-10,2.729,2.033,1.393,58.0785,55.3494
2019-09-11,2.856,2.197,1.317,58.7126,55.8569
2019-09-12,2.898,2.337,1.121,59.2014,56.3038
2019-09-16,2.892,2.448,0.888,59.6043,56.7124
2019-09-17,2.617,2.482,0.27,59.4867,56.87
2019-09-18,2.35,2.455,-0.211,59.3457,56.9959
2019-09-19,2.201,2.405,-0.407,59.3941,57.1932
2019-09-20,2.535,2.431,0.209,60.3535,57.8181
2019-09-23,3.292,2.603,1.378,62.1745,58.8827
2019-09-24,3.513,2.785,1.456,63.0707,59.5581
2019-09-25,3.749,2.978,1.543,64.0291,60.2797
2019-09-26,3.825,3.147,1.356,64.7108,60.8856
2019-09-27,4.141,3.346,1.59,65.8661,61.7252
2019-09-30,4.228,3.522,1.411,66.6252,62.3974
2019-10-08,4.036,3.625,0.822,66.8598,62.8235
2019-10-09,3.805,3.661,0.288,66.9906,63.1855
2019-10-10,3.58,3.645,-0.13,67.0997,63.5199
2019-10-11,3.903,3.696,0.412,68.2336,64.331
2019-10-14,4.177,3.793,0.769,69.3207,65.1435
2019-10-15,4.434,3.921,1.026,70.4129,65.9788
2019-10-16,4.918,4.12,1.595,71.9786,67.0611
2019-10-17,5.225,4.341,1.768,73.2742,68.0492
2019-10-18,5.145,4.502,1.286,73.8659,68.7211
2019-10-21,4.934,4.588,0.691,74.1942,69.2603
2019-10-22,4.847,4.64,0.413,74.7305,69.884
2019-10-23,4.541,4.62,-0.158,74.8335,70.2926
2019-10-24,4.08,4.512,-0.864,74.593,70.5131
2019-10-25,3.651,4.34,-1.378,74.3479,70.6973
2019-10-28,3.444,4.161,-1.433,74.4713,71.0271
2019-10-29,3.064,3.941,-1.755,74.2296,71.1658
2019-10-30,2.744,3.702,-1.916,74.0497,71.3061
2019-10-31,2.217,3.405,-2.375,73.4267,71.2094
2019-11-01,1.835,3.091,-2.512,73.0057,71.1709
2019-11-04,1.585,2.79,-2.409,72.7864,71.2012
2019-11-05,1.222,2.476,-2.509,72.3116,71.09
2019-11-06,0.821,2.145,-2.648,71.7144,70.893
2019-11-07,0.511,1.818,-2.614,71.2337,70.7224
2019-11-08,0.335,1.522,-2.373,70.967,70.6319
2019-11-11,0.672,1.352,-1.36,71.6644,70.9925
2019-11-12,0.338,1.149,-1.622,71.116,70.7782
2019-11-13,0.184,0.956,-1.544,70.8674,70.6835
2019-11-14,0.023,0.769,-1.493,70.5832,70.5603
2019-11-15,0.042,0.624,-1.163,70.6242,70.5818
2019-11-18,-0.056,0.488,-1.088,70.4405,70.4965
2019-11-19,-0.046,0.381,-0.855,70.4512,70.4975
2019-11-20,0.141,0.333,-0.385,70.8049,70.6644
2019-11-21,0.329,0.332,-0.006,71.1888,70.8596
2019-11-22,-0.076,0.251,-0.654,70.4536,70.53
2019-11-25,-0.737,0.053,-1.58,69.1684,69.9056
2019-11-26,-1.319,-0.221,-2.195,67.941,69.26
2019-11-27,-1.714,-0.52,-2.388,66.9916,68.7052
2019-11-28,-2.002,-0.816,-2.372,66.1898,68.1922
2019-11-29,-2.204,-1.094,-2.221,65.5144,67.7187
2019-12-02,-2.217,-1.319,-1.797,65.1753,67.3921
2019-12-03,-2.202,-1.495,-1.414,64.8868,67.089
2019-12-04,-2.238,-1.644,-1.189,64.5027,66.7409
2019-12-05,-2.143,-1.744,-0.798,64.3669,66.5097
2019-12-06,-1.941,-1.783,-0.315,64.4505,66.3912
2019-12-09,-1.696,-1.766,0.139,64.6443,66.3407
2019-12-10,-1.475,-1.708,0.465,64.8283,66.3036
2019-12-11,-1.378,-1.642,0.528,64.8055,66.1833
2019-12-12,-1.341,-1.581,0.481,64.68,66.0208
2019-12-13,-1.227,-1.511,0.567,64.7077,65.9348
2019-12-16,-0.784,-1.365,1.162,65.3865,66.1707
2019-12-17,-0.408,-1.174,1.531,65.9993,66.4077
2019-12-18,0.014,-0.936,1.9,66.7548,66.7412
2019-12-19,0.35,-0.679,2.057,67.4048,67.0552
2019-12-20,0.41,-0.461,1.742,67.5702,67.1607
2019-12-23,0.262,-0.317,1.157,67.344,67.0821
2019-12-24,0.16,-0.221,0.763,67.1849,67.0249
2019-12-25,0.094,-0.158,0.505,67.0811,66.9868
2019-12-26,-0.106,-0.148,0.084,66.7086,66.8144
2019-12-27,-0.457,-0.21,-0.494,66.0165,66.4733
2019-12-30,-0.656,-0.299,-0.714,65.5678,66.2234
2019-12-31,-0.804,-0.4,-0.808,65.1881,65.992
2020-01-02,-0.642,-0.448,-0.388,65.3853,66.0274
2020-01-03,-0.286,-0.416,0.26,65.9814,66.2669
2020-01-06,-0.032,-0.339,0.615,66.4304,66.4619
2020-01-07,0.717,-0.128,1.69,67.8703,67.1529
2020-01-08,1.161,0.13,2.062,68.8287,67.6675
2020-01-09,1.586,0.421,2.329,69.8135,68.2277
2020-01-10,1.897,0.717,2.362,70.6407,68.7434
2020-01-13,2.369,1.047,2.643,71.8206,69.452
2020-01-14,2.566,1.351,2.43,72.539,69.9733
2020-01-15,2.692,1.619,2.145,73.1484,70.4568
2020-01-16,2.7,1.835,1.729,73.5486,70.8489
2020-01-17,2.735,2.015,1.44,74.0027,71.2675
2020-01-20,2.775,2.167,1.216,74.47,71.6951
2020-01-21,2.675,2.269,0.813,74.6746,71.9992
2020-01-22,2.697,2.354,0.685,75.0985,72.4015
2020-01-23,2.147,2.313,-0.332,74.4233,72.2762
2020-02-03,1.128,2.076,-1.896,72.7643,71.6365
2020-02-04,0.349,1.731,-2.763,71.4236,71.0745
2020-02-05,-0.213,1.342,-3.11,70.3892,70.6023
2020-02-06,-0.524,0.969,-2.986,69.7586,70.2829
2020-02-07,-0.603,0.654,-2.514,69.5327,70.1353
2020-02-10,-0.715,0.381,-2.19,69.2307,69.9453
2020-02-11,-0.904,0.124,-2.055,68.7644,69.6679
2020-02-12,-0.937,-0.088,-1.698,68.5699,69.5073
2020-02-13,-0.929,-0.256,-1.344,68.453,69.3816
2020-02-14,-0.985,-0.402,-1.166,68.211,69.1963
2020-02-17,-0.498,-0.421,-0.153,69.0108,69.5084
2020-02-18,0.013,-0.334,0.695,69.9245,69.9115
2020-02-19,1.011,-0.065,2.153,71.8515,70.8403
2020-02-20,2.043,0.356,3.373,73.9851,71.9425
2020-02-21,3.511,0.987,5.048,77.1089,73.5979
2020-02-24,5.374,1.865,7.018,81.2029,75.8292
2020-02-25,6.478,2.787,7.382,84.1009,77.6226
2020-02-26,6.472,3.524,5.896,85.0146,78.5424
2020-02-27,6.626,4.145,4.962,86.2354,79.6096
2020-02-28,6.377,4.591,3.572,86.7023,80.3252
2020-03-02,6.481,4.969,3.023,87.8127,81.3322
2020-03-03,6.351,5.245,2.21,88.4877,82.1372
2020-03-04,5.833,5.363,0.941,88.3973,82.5641
2020-03-05,5.368,5.364,0.008,88.3331,82.9653
2020-03-06,4.944,5.28,-0.672,88.2819,83.3382
2020-03-09,3.955,5.015,-2.12,87.0816,83.1265
2020-03-10,3.458,4.704,-2.491,86.6875,83.2297
2020-03-11,2.671,4.297,-3.251,85.6648,82.9934
2020-03-12,1.896,3.817,-3.841,84.5518,82.6554
2020-03-13,1.183,3.29,-4.214,83.4469,82.2639
2020-03-16,0.168,2.666,-4.996,81.6581,81.4903
2020-03-17,-0.679,1.997,-5.351,80.0492,80.7281
2020-03-18,-0.767,1.444,-4.421,79.7832,80.5497
2020-03-19,-0.495,1.056,-3.103,80.1966,80.6919
2020-03-20,-0.568,0.731,-2.598,79.9864,80.554
2020-03-23,-0.979,0.389,-2.737,79.1116,80.0907
2020-03-24,-0.698,0.172,-1.739,79.5144,80.2121
2020-03-25,-0.209,0.096,-0.609,80.3583,80.5668
2020-03-26,0.095,0.096,-0.001,80.9139,80.8189
2020-03-27,0.239,0.124,0.229,81.2041,80.9656
2020-03-30,-0.057,0.088,-0.29,80.6681,80.7252
2020-03-31,-0.35,0.0,-0.7,80.0961,80.4456
2020-04-01,-0.738,-0.147,-1.182,79.2967,80.0348
2020-04-02,-0.725,-0.263,-0.925,79.2157,79.9411
2020-04-03,-1.081,-0.427,-1.309,78.4256,79.5069
2020-04-07,-1.165,-0.574,-1.182,78.1094,79.2745
2020-04-08,-1.343,-0.728,-1.23,77.6003,78.9431
2020-04-09,-1.082,-0.799,-0.567,77.911,78.9932
2020-04-10,-0.64,-0.767,0.254,78.6093,79.2493
2020-04-13,-0.455,-0.705,0.5,78.8756,79.3301
2020-04-14,-0.205,-0.605,0.799,79.2917,79.4968
2020-04-15,-0.007,-0.485,0.956,79.6437,79.6511
2020-04-16,0.341,-0.32,1.321,80.3139,79.9732
2020-04-17,0.41,-0.174,1.168,80.4964,80.0863
2020-04-20,0.485,-0.042,1.055,80.7,80.2147
2020-04-21,0.626,0.091,1.068,81.04,80.4144
2020-04-22,0.614,0.196,0.836,81.1062,80.4926
2020-04-23,0.522,0.261,0.522,81.0176,80.4954
2020-04-24,0.281,0.265,0.032,80.6272,80.3461
2020-04-27,-0.029,0.206,-0.471,80.0692,80.0982
2020-04-28,-0.433,0.079,-1.023,79.2862,79.7191
2020-04-29,-0.666,-0.07,-1.191,78.7745,79.4406
2020-04-30,-0.433,-0.143,-0.58,79.1292,79.562
2020-05-06,-0.099,-0.134,0.07,79.7109,79.81
2020-05-07,0.199,-0.068,0.532,80.2708,80.0722
2020-05-08,0.529,0.052,0.955,80.9368,80.4076
2020-05-11,0.853,0.212,1.281,81.6358,80.7833
2020-05-12,1.063,0.382,1.361,82.1626,81.1001
2020-05-13,1.241,0.554,1.375,82.6591,81.4179
2020-05-14,1.312,0.706,1.213,82.9731,81.661
2020-05-15,1.434,0.851,1.166,83.3957,81.9617
2020-05-18,1.821,1.045,1.552,84.3471,82.526
2020-05-19,2.818,1.4,2.837,86.5306,83.7122
2020-05-20,3.198,1.759,2.876,87.6644,84.4669
2020-05-21,2.979,2.003,1.952,87.7006,84.7212
2020-05-22,-0.07,1.589,-3.317,82.2451,82.3152
2020-05-25,-2.379,0.795,-6.348,77.7828,80.1615
2020-05-26,-3.985,-0.161,-7.648,74.3454,78.3303
2020-05-27,-5.349,-1.198,-8.3,71.1461,76.4947
2020-05-28,-6.238,-2.206,-8.063,68.6667,74.9047
2020-05-29,-6.757,-3.116,-7.281,66.7749,73.5318
2020-06-01,-6.885,-3.87,-6.029,65.5634,72.448
2020-06-02,-6.914,-4.479,-4.871,64.5229,71.437
2020-06-03,-6.835,-4.95,-3.769,63.6886,70.5231
2020-06-04,-6.551,-5.27,-2.561,63.2596,69.8103
2020-06-05,-6.252,-5.467,-1.571,62.8997,69.1518
2020-06-08,-6.14,-5.601,-1.078,62.2228,68.3628
2020-06-09,-6.026,-5.686,-0.68,61.5654,67.5915
2020-06-10,-5.739,-5.697,-0.084,61.2584,66.9973
2020-06-11,-5.421,-5.642,0.442,61.0525,66.4731
2020-06-12,-5.109,-5.535,0.851,60.8783,65.9877
2020-06-15,-4.659,-5.36,1.402,61.017,65.676
2020-06-16,-4.288,-5.146,1.715,61.0667,65.3548
2020-06-17,-4.024,-4.921,1.795,60.9641,64.9878
2020-06-18,-3.289,-4.595,2.612,61.8065,65.0954
2020-06-19,-2.624,-4.201,3.153,62.6193,65.2431
2020-06-22,-1.904,-3.741,3.675,63.6333,65.5369
2020-06-23,-0.766,-3.146,4.761,65.5559,66.3216
2020-06-24,0.561,-2.405,5.93,68.0042,67.4437
2020-06-29,1.308,-1.662,5.941,69.5266,68.2182
2020-06-30,2.087,-0.912,5.998,71.2148,69.128
2020-07-01,2.965,-0.137,6.204,73.2064,70.2415
2020-07-02,3.259,0.542,5.434,74.1977,70.9384
2020-07-03,3.629,1.16,4.939,75.3765,71.7474
2020-07-06,3.733,1.674,4.117,76.0955,72.3624
2020-07-07,3.936,2.127,3.619,77.0208,73.0844
2020-07-08,4.178,2.537,3.283,78.0499,73.8715
2020-07-09,4.607,2.951,3.312,79.473,74.8662
2020-07-10,4.502,3.261,2.482,79.9295,75.4272
2020-07-13,4.613,3.532,2.163,80.7865,76.1733
2020-07-14,4.32,3.689,1.262,80.8809,76.5605
2020-07-15,4.107,3.773,0.668,81.0869,76.9797
2020-07-16,3.238,3.666,-0.857,79.9966,76.759
2020-07-17,2.173,3.367,-2.388,78.4064,76.2331
2020-07-20,1.37,2.968,-3.195,77.1685,75.7981
2020-07-21,0.729,2.52,-3.582,76.1272,75.3982
2020-07-22,0.265,2.069,-3.608,75.3369,75.0717
2020-07-23,-0.153,1.625,-3.556,74.5681,74.7212
2020-07-24,-0.813,1.137,-3.901,73.273,74.0863
2020-07-27,-1.336,0.643,-3.956,72.1495,73.4851
2020-07-28,-1.721,0.17,-3.782,71.2157,72.9366
2020-07-29,-1.847,-0.233,-3.227,70.7271,72.5739
2020-07-30,-2.139,-0.615,-3.049,69.8999,72.0388
2020-07-31,-2.174,-0.926,-2.494,69.5276,71.7011
2020-08-03,-2.111,-1.163,-1.895,69.3387,71.4492
2020-08-04,-2.248,-1.38,-1.735,68.7727,71.0204
2020-08-05,-2.015,-1.507,-1.016,68.9,70.9152
2020-08-06,-1.924,-1.59,-0.668,68.7877,70.7119
2020-08-07,-2.157,-1.704,-0.907,68.0634,70.2206
2020-08-10,-2.296,-1.822,-0.948,67.4875,69.7835
2020-08-11,-2.612,-1.98,-1.263,66.551,69.1625
2020-08-12,-2.945,-2.173,-1.543,65.5355,68.4801
2020-08-13,-3.138,-2.366,-1.544,64.7423,67.8801
2020-08-14,-3.186,-2.53,-1.313,64.2004,67.3868
2020-08-17,-2.836,-2.591,-0.49,64.4203,67.2567
2020-08-18,-2.007,-2.474,0.936,65.6156,67.6221
2020-08-19,-1.588,-2.297,1.418,66.1363,67.7242
2020-08-20,-1.161,-2.07,1.819,66.7338,67.8943
2020-08-21,-0.872,-1.83,1.916,67.124,67.9962
2020-08-24,-0.655,-1.595,1.881,67.4188,68.0735
2020-08-25,-0.3,-1.336,2.073,68.0098,68.3095
2020-08-26,-0.119,-1.093,1.948,68.316,68.4347
2020-08-27,0.543,-0.766,2.617,69.5751,69.0321
2020-08-28,0.991,-0.414,2.811,70.5174,69.526
2020-08-31,1.444,-0.043,2.973,71.5316,70.0878
2020-09-01,1.749,0.316,2.867,72.3267,70.5776
2020-09-02,2.032,0.659,2.746,73.1226,71.0904
2020-09-03,2.154,0.958,2.391,73.6468,71.4933
2020-09-04,2.147,1.196,1.903,73.9427,71.7953
2020-09-07,1.786,1.314,0.945,73.5531,71.7668
2020-09-08,1.306,1.312,-0.013,72.8819,71.5759
2020-09-09,0.557,1.161,-1.209,71.6231,71.0666
2020-09-10,-0.109,0.907,-2.032,70.4195,70.5283
2020-09-11,-0.377,0.65,-2.054,69.8873,70.264
2020-09-14,-0.456,0.429,-1.771,69.68,70.1363
2020-09-15,-0.469,0.25,-1.436,69.5908,70.0595
2020-09-16,-0.517,0.096,-1.226,69.4307,69.9477
2020-09-17,-0.603,-0.044,-1.119,69.1906,69.7938
2020-09-18,-0.555,-0.146,-0.817,69.1982,69.7528
2020-09-21,-0.474,-0.211,-0.524,69.2754,69.7489
2020-09-22,-0.547,-0.279,-0.538,69.0653,69.6127
2020-09-23,-0.426,-0.308,-0.236,69.2214,69.6473
2020-09-24,-0.569,-0.36,-0.418,68.8843,69.4534
2020-09-25,-0.617,-0.412,-0.41,68.7113,69.328
2020-09-28,-0.74,-0.477,-0.526,68.3849,69.1252
2020-09-29,-0.8,-0.542,-0.516,68.1641,68.9641
2020-09-30,-0.778,-0.589,-0.378,68.0927,68.8705
2020-10-09,-0.628,-0.597,-0.062,68.2707,68.8986
2020-10-12,-0.207,-0.519,0.624,68.9937,69.2002
2020-10-13,0.095,-0.396,0.982,69.5454,69.4506
2020-10-14,0.36,-0.245,1.21,70.0707,69.7106
2020-10-15,0.486,-0.099,1.169,70.3644,69.8787
2020-10-16,0.557,0.032,1.049,70.5714,70.0144
2020-10-19,0.461,0.118,0.685,70.465,70.0044
2020-10-20,0.436,0.182,0.508,70.4827,70.047
2020-10-21,0.242,0.194,0.097,70.1715,69.9294
2020-10-22,0.08,0.171,-0.181,69.8943,69.8139
2020-10-23,-0.226,0.092,-0.635,69.3152,69.541
2020-10-26,-0.451,-0.017,-0.868,68.8482,69.2994
2020-10-27,-0.703,-0.154,-1.097,68.2992,69.0017
2020-10-28,-0.935,-0.31,-1.25,67.7501,68.6853
2020-10-29,-1.104,-0.469,-1.269,67.2916,68.3953
2020-10-30,-1.407,-0.657,-1.5,66.5498,67.9564
2020-11-02,-1.33,-0.791,-1.078,66.496,67.8263
2020-11-03,-1.134,-0.86,-0.548,66.6843,67.8184
2020-11-04,-1.218,-0.932,-0.573,66.3606,67.5785
2020-11-05,-1.243,-0.994,-0.499,66.1374,67.3808
2020-11-06,-1.314,-1.058,-0.512,65.824,67.1378
2020-11-09,-1.23,-1.092,-0.276,65.7972,67.0276
2020-11-10,-1.315,-1.137,-0.355,65.4592,66.7737
2020-11-11,-1.693,-1.248,-0.889,64.5424,66.2349
2020-11-12,-1.961,-1.39,-1.14,63.7836,65.7442
2020-11-13,-2.156,-1.544,-1.225,63.1261,65.2824
2020-11-16,-2.294,-1.694,-1.2,62.5529,64.8467
2020-11-17,-2.514,-1.858,-1.313,61.8001,64.3144
2020-11-18,-2.659,-2.018,-1.282,61.1616,63.8207
2020-11-19,-2.683,-2.151,-1.064,60.7352,63.4184
2020-11-20,-2.659,-2.253,-0.812,60.399,63.0578
2020-11-23,-2.51,-2.304,-0.411,60.3068,62.8165
2020-11-24,-2.438,-2.331,-0.215,60.0858,62.5242
2020-11-25,-2.356,-2.336,-0.041,59.8957,62.252
2020-11-26,-2.414,-2.352,-0.124,59.4487,61.8622
2020-11-27,-2.424,-2.366,-0.116,59.0843,61.508
2020-11-30,-2.458,-2.384,-0.148,58.6713,61.1296
2020-12-01,-2.37,-2.381,0.024,58.4911,60.8607
2020-12-02,-2.193,-2.344,0.302,58.494,60.6866
2020-12-03,-2.015,-2.278,0.525,58.5226,60.538
2020-12-04,-1.852,-2.193,0.682,58.5499,60.4019
2020-12-07,-1.552,-2.065,1.025,58.8638,60.4158
2020-12-08,-1.34,-1.92,1.159,59.0509,60.3909
2020-12-09,-1.27,-1.79,1.039,58.9938,60.2642
2020-12-10,-1.15,-1.662,1.024,59.0455,60.195
2020-12-11,-0.812,-1.492,1.36,59.5323,60.3443
2020-12-14,-0.495,-1.293,1.595,60.0273,60.5225
2020-12-15,-0.319,-1.098,1.558,60.2969,60.6156
2020-12-16,-0.151,-0.908,1.514,60.5743,60.7256
2020-12-17,-0.082,-0.743,1.322,60.6859,60.7681
2020-12-18,-0.104,-0.615,1.023,60.6327,60.7364
2020-12-21,-0.073,-0.507,0.868,60.6769,60.75
2020-12-22,-0.762,-0.558,-0.408,59.3374,60.0996
2020-12-23,-1.288,-0.704,-1.168,58.2147,59.5026
2020-12-24,-1.821,-0.928,-1.788,57.0017,58.8231
2020-12-25,-2.185,-1.179,-2.012,56.0399,58.2251
2020-12-28,-2.555,-1.454,-2.201,55.0153,57.5699
2020-12-29,-2.577,-1.679,-1.797,54.6068,57.184
2020-12-30,-2.426,-1.828,-1.196,54.5304,56.9563
2020-12-31,-2.178,-1.898,-0.559,54.6626,56.8403
2021-01-04,-1.954,-1.909,-0.089,54.7837,56.7373
2021-01-05,-1.745,-1.876,0.263,54.9077,56.6523
2021-01-06,-1.326,-1.766,0.881,55.4665,56.7921
2021-01-07,-1.249,-1.663,0.828,55.4255,56.6742
2021-01-08,-1.134,-1.557,0.847,55.4693,56.6028
2021-01-11,-1.152,-1.476,0.647,55.2709,56.4233
2021-01-12,-1.15,-1.411,0.521,55.1108,56.2608
2021-01-13,-1.226,-1.374,0.296,54.7999,56.0259
2021-01-14,-0.968,-1.293,0.649,55.1215,56.0899
2021-01-15,-0.693,-1.173,0.959,55.5136,56.2069
2021-01-18,-0.353,-1.009,1.311,56.07,56.4234
2021-01-19,-0.127,-0.833,1.411,56.4562,56.5831
2021-01-20,0.028,-0.66,1.377,56.7368,56.7088
2021-01-21,0.143,-0.5,1.285,56.9619,56.8193
2021-01-22,0.199,-0.36,1.118,57.0908,56.8919
2021-01-25,0.116,-0.265,0.762,56.9599,56.8436
2021-01-26,0.151,-0.182,0.665,57.043,56.8922
2021-01-27,0.005,-0.145,0.298,56.7825,56.778
2021-01-28,-0.14,-0.144,0.008,56.5052,56.6448
2021-01-29,-0.28,-0.171,-0.218,56.2152,56.4948
2021-02-01,-0.432,-0.223,-0.419,55.8806,56.313
2021-02-02,-0.601,-0.299,-0.604,55.4944,56.095
2021-02-03,-0.884,-0.416,-0.936,54.863,55.7465
2021-02-04,-1.269,-0.586,-1.366,53.9933,55.2623
2021-02-05,-1.673,-0.804,-1.739,53.0328,54.7058
2021-02-08,-2.02,-1.047,-1.946,52.1247,54.1446
2021-02-09,-2.175,-1.273,-1.806,51.5363,53.7117
2021-02-10,-2.157,-1.449,-1.415,51.2615,53.4182
2021-02-18,-2.038,-1.567,-0.941,51.1828,53.2206
2021-02-19,-1.897,-1.633,-0.527,51.1639,53.0606
2021-02-22,-1.843,-1.675,-0.336,50.9971,52.8398
2021-02-23,-1.877,-1.715,-0.323,50.6683,52.545
2021-02-24,-1.867,-1.746,-0.242,50.4193,52.2861
2021-02-25,-1.95,-1.787,-0.327,49.9917,51.9419
2021-02-26,-2.046,-1.838,-0.415,49.5284,51.5744
2021-03-01,-1.958,-1.862,-0.192,49.4056,51.3637
2021-03-02,-1.941,-1.878,-0.126,49.1586,51.0997
2021-03-03,-1.867,-1.876,0.018,49.025,50.8916
2021-03-04,-1.915,-1.884,-0.063,48.6642,50.5796
2021-03-05,-1.864,-1.88,0.032,48.4897,50.3537
2021-03-08,-1.824,-1.869,0.089,48.3005,50.1245
2021-03-09,-1.994,-1.894,-0.201,47.7112,49.7056
2021-03-10,-2.223,-1.96,-0.526,46.9864,49.2089
2021-03-11,-2.318,-2.031,-0.574,46.4839,48.8023
2021-03-12,-2.42,-2.109,-0.622,45.9571,48.3769
2021-03-15,-2.657,-2.219,-0.876,45.1545,47.8112
2021-03-16,-2.759,-2.327,-0.864,44.5784,47.337
2021-03-17,-2.793,-2.42,-0.746,44.1186,46.9113
2021-03-18,-2.806,-2.497,-0.618,43.6942,46.5001
2021-03-19,-2.762,-2.55,-0.424,43.3782,46.1401
2021-03-22,-2.617,-2.563,-0.107,43.2631,45.8801
2021-03-23,-2.507,-2.552,0.09,43.1011,45.6082
2021-03-24,-2.465,-2.535,0.139,42.824,45.2891
2021-03-25,-2.345,-2.497,0.304,42.7034,45.0484
2021-03-26,-2.188,-2.435,0.494,42.6706,44.8589
2021-03-29,-2.056,-2.359,0.607,42.6136,44.6694
2021-03-30,-1.997,-2.287,0.579,42.433,44.4302
2021-03-31,-1.923,-2.214,0.582,42.291,44.2139
2021-04-01,-1.777,-2.127,0.699,42.297,44.0744
2021-04-02,-1.644,-2.03,0.772,42.3005,43.9444
2021-04-06,-1.442,-1.913,0.94,42.4543,43.8967
2021-04-07,-1.326,-1.795,0.939,42.4736,43.7992
2021-04-08,-1.215,-1.679,0.928,42.4977,43.7126
2021-04-09,-1.167,-1.577,0.819,42.4165,43.5835
2021-04-12,-0.978,-1.457,0.958,42.614,43.5921
2021-04-13,-0.935,-1.353,0.836,42.558,43.4927
2021-04-14,-0.861,-1.254,0.787,42.5675,43.4281
2021-04-15,-0.846,-1.173,0.653,42.4725,43.3186
2021-04-16,-0.917,-1.121,0.409,42.2152,43.132
2021-04-19,-0.858,-1.069,0.421,42.1975,43.0556
2021-04-20,-0.754,-1.006,0.504,42.2763,43.03
2021-04-21,-0.626,-0.93,0.608,42.4153,43.0411
2021-04-22,-0.525,-0.849,0.648,42.5206,43.0455
2021-04-23,-0.467,-0.772,0.611,42.5574,43.0244
2021-04-26,-0.485,-0.715,0.46,42.4563,42.9411
2021-04-27,-0.573,-0.687,0.227,42.2169,42.7899
2021-04-28,-0.695,-0.688,-0.013,41.9005,42.5951
2021-04-29,-0.776,-0.706,-0.14,41.645,42.4206
2021-04-30,-0.781,-0.721,-0.12,41.5242,42.305
2021-05-06,-0.867,-0.75,-0.234,41.2466,42.1135
2021-05-07,-1.022,-0.804,-0.435,40.824,41.8458
2021-05-10,-1.178,-0.879,-0.598,40.3772,41.555
2021-05-11,-1.218,-0.947,-0.542,40.1315,41.3494
2021-05-12,-0.952,-0.948,-0.009,40.4697,41.422
2021-05-13,-0.654,-0.889,0.471,40.9097,41.5633
2021-05-14,-0.424,-0.796,0.744,41.259,41.6831
2021-05-17,-0.153,-0.668,1.028,41.7207,41.874
2021-05-18,0.11,-0.512,1.244,42.2067,42.0967
2021-05-19,0.287,-0.352,1.279,42.5641,42.2769
2021-05-20,0.381,-0.206,1.173,42.7865,42.4053
2021-05-21,0.427,-0.079,1.013,42.9301,42.5027
2021-05-24,0.756,0.088,1.336,43.6255,42.8692
2021-05-25,1.261,0.323,1.877,44.7077,43.4463
2021-05-26,1.52,0.562,1.915,45.3865,43.8666
2021-05-27,1.633,0.776,1.713,45.8209,44.1883
2021-05-28,1.795,0.98,1.63,46.3669,44.5721
2021-05-31,1.909,1.166,1.486,46.8428,44.9342
2021-06-01,2.227,1.378,1.697,47.7285,45.502
2021-06-02,2.253,1.553,1.4,48.098,45.8448
2021-06-03,2.318,1.706,1.224,48.5445,46.2267
2021-06-04,2.235,1.812,0.847,48.7161,46.481
2021-06-07,2.769,2.003,1.531,50.0644,47.2957
2021-06-08,3.407,2.284,2.246,51.6914,48.2842
2021-06-09,3.874,2.602,2.544,53.0789,49.2046
2021-06-10,5.165,3.115,4.1,56.1206,50.9561
2021-06-11,6.299,3.752,5.095,59.0467,52.7475
2021-06-15,6.272,4.256,4.032,59.8934,53.6218
2021-06-16,6.055,4.615,2.879,60.3713,54.3165
2021-06-17,6.127,4.918,2.419,61.3757,55.2486
2021-06-18,6.05,5.144,1.812,62.1025,56.0524
2021-06-21,6.089,5.333,1.512,63.0421,56.953
2021-06-22,5.644,5.395,0.498,63.0541,57.4098
2021-06-23,5.141,5.345,-0.407,62.8904,57.7491
2021-06-24,4.65,5.206,-1.112,62.6765,58.0269
2021-06-25,3.973,4.959,-1.972,62.0355,58.0627
2021-06-28,3.5,4.667,-2.334,61.6916,58.1914
2021-06-29,2.937,4.321,-2.768,61.1052,58.1683
2021-06-30,2.518,3.961,-2.885,60.7167,58.1988
2021-07-01,1.971,3.563,-3.183,60.0218,58.0507
2021-07-02,1.48,3.146,-3.332,59.3569,57.8766
2021-07-05,1.132,2.743,-3.223,58.8958,57.7643
2021-07-06,1.04,2.403,-2.725,58.8811,57.841
2021-07-07,0.764,2.075,-2.623,58.4963,57.7328
2021-07-08,0.482,1.756,-2.548,58.063,57.5807
2021-07-09,0.192,1.443,-2.503,57.5718,57.3799
2021-07-12,0.212,1.197,-1.97,57.6377,57.4258
2021-07-13,0.195,0.997,-1.604,57.635,57.4402
2021-07-14,0.19,0.835,-1.291,57.6527,57.4631
2021-07-15,0.11,0.69,-1.16,57.5261,57.4162
2021-07-16,-0.188,0.515,-1.404,56.9682,57.1557
2021-07-19,-0.41,0.33,-1.479,56.5131,56.9227
2021-07-20,-0.625,0.139,-1.528,56.0388,56.664
2021-07-21,-0.71,-0.031,-1.357,55.7867,56.4963
2021-07-22,-0.824,-0.19,-1.269,55.4641,56.2884
2021-07-23,-1.04,-0.36,-1.361,54.9296,55.97
2021-07-26,-1.383,-0.564,-1.637,54.1204,55.5033
2021-07-27,-1.557,-0.763,-1.589,53.5865,55.1438
2021-07-28,-1.817,-0.974,-1.687,52.8624,54.6798
2021-07-29,-1.864,-1.152,-1.424,52.5128,54.3769
2021-07-30,-1.838,-1.289,-1.098,52.297,54.1349
2021-08-02,-1.724,-1.376,-0.696,52.2544,53.9782
2021-08-03,-1.616,-1.424,-0.385,52.2153,53.8317
2021-08-04,-1.505,-1.44,-0.13,52.1991,53.7042
2021-08-05,-1.54,-1.46,-0.16,51.9162,53.4565
2021-08-06,-1.601,-1.488,-0.224,51.5799,53.1805
2021-08-09,-1.592,-1.509,-0.166,51.3676,52.9597
2021-08-10,-1.579,-1.523,-0.111,51.1664,52.7449
2021-08-11,-1.612,-1.541,-0.142,50.8762,52.4882
2021-08-12,-1.718,-1.576,-0.284,50.4414,52.1594
2021-08-13,-1.898,-1.641,-0.515,49.8489,51.7469
2021-08-16,-2.014,-1.715,-0.598,49.3537,51.3679
2021-08-17,-2.244,-1.821,-0.846,48.6224,50.8666
2021-08-18,-2.366,-1.93,-0.872,48.0666,50.4328
2021-08-19,-2.413,-2.027,-0.773,47.6379,50.0511
2021-08-20,-2.464,-2.114,-0.7,47.1951,49.6592
2021-08-23,-2.444,-2.18,-0.528,46.882,49.3259
2021-08-24,-2.414,-2.227,-0.374,46.5909,49.0047
2021-08-25,-2.415,-2.264,-0.3,46.2446,48.6592
2021-08-26,-2.408,-2.293,-0.23,45.9116,48.32
2021-08-27,-2.635,-2.362,-0.548,45.1298,47.7652
2021-08-30,-2.533,-2.396,-0.274,44.9514,47.4841
2021-08-31,-2.445,-2.406,-0.079,44.7589,47.2038
2021-09-01,-2.42,-2.409,-0.023,44.4575,46.8776
2021-09-02,-2.257,-2.378,0.243,44.4271,46.6837
2021-09-03,-2.026,-2.308,0.563,44.5491,46.5753
2021-09-06,-1.703,-2.187,0.968,44.8831,46.586
2021-09-07,-1.236,-1.997,1.52,45.5395,46.7759
2021-09-08,-0.191,-1.635,2.889,47.3796,47.5703
2021-09-09,0.127,-1.283,2.82,47.9658,47.8384
2021-09-10,0.142,-0.998,2.28,48.0126,47.8704
2021-09-13,0.362,-0.726,2.176,48.4568,48.0948
2021-09-14,0.594,-0.462,2.112,48.9558,48.3619
2021-09-15,0.648,-0.24,1.775,49.1441,48.4966
2021-09-16,0.666,-0.059,1.45,49.2727,48.6065
2021-09-17,0.55,0.063,0.974,49.1431,48.5934
2021-09-22,0.373,0.125,0.496,48.8811,48.508
2021-09-23,0.294,0.159,0.27,48.7809,48.4874
2021-09-24,0.397,0.206,0.381,49.0223,48.6254
2021-09-27,0.406,0.246,0.32,49.0973,48.6909
2021-09-28,0.433,0.284,0.299,49.2069,48.7738
2021-09-29,0.313,0.29,0.046,49.0366,48.7239
2021-09-30,0.445,0.321,0.248,49.3356,48.891
2021-10-08,0.533,0.363,0.34,49.5701,49.0369
2021-10-11,0.567,0.404,0.327,49.7116,49.1445
2021-10-12,0.231,0.369,-0.277,49.1437,48.9131
2021-10-13,-0.107,0.274,-0.761,48.5262,48.6329
2021-10-14,-0.398,0.14,-1.075,47.9499,48.3475
2021-10-15,-0.69,-0.026,-1.327,47.3299,48.0195
2021-10-18,-0.901,-0.201,-1.4,46.8238,47.7247
2021-10-19,-0.978,-0.357,-1.243,46.5463,47.5244
2021-10-20,-1.055,-0.496,-1.118,46.2576,47.313
2021-10-21,-1.189,-0.635,-1.109,45.8487,47.038
2021-10-22,-1.21,-0.75,-0.921,45.6381,46.8485
2021-10-25,-1.267,-0.854,-0.828,45.3553,46.6227
2021-10-26,-1.386,-0.96,-0.852,44.9453,46.3314
2021-10-27,-1.528,-1.074,-0.909,44.4737,46.0017
2021-10-28,-1.689,-1.197,-0.984,43.9454,45.6342
2021-10-29,-1.697,-1.297,-0.8,43.6892,45.3857
2021-11-01,-1.596,-1.357,-0.48,43.6401,45.2364
2021-11-02,-1.579,-1.401,-0.355,43.4462,45.0248
2021-11-03,-1.422,-1.405,-0.034,43.5222,44.9444
2021-11-04,-1.183,-1.361,0.356,43.7803,44.9633
2021-11-05,-0.843,-1.257,0.828,44.2664,45.1097
2021-11-08,-0.638,-1.133,0.991,44.5423,45.1801
2021-11-09,-0.526,-1.012,0.972,44.6666,45.1927
2021-11-10,-0.261,-0.862,1.201,45.1025,45.3636
2021-11-11,-0.055,-0.7,1.29,45.4621,45.5174
2021-11-12,0.174,-0.526,1.398,45.8956,45.722
2021-11-15,0.672,-0.286,1.916,46.8809,46.2093
2021-11-16,0.957,-0.038,1.989,47.5269,46.5701
2021-11-17,1.065,0.183,1.764,47.872,46.8071
2021-11-18,0.846,0.316,1.061,47.6025,46.7562
2021-11-19,0.693,0.391,0.604,47.4283,46.735
2021-11-22,0.603,0.434,0.339,47.3532,46.7502
2021-11-23,0.474,0.442,0.065,47.1912,46.7169
2021-11-24,0.505,0.454,0.1,47.3172,46.8127
2021-11-25,0.398,0.443,-0.09,47.1838,46.7858
2021-11-26,0.167,0.388,-0.441,46.7955,46.6283
2021-11-29,-0.098,0.291,-0.777,46.3085,46.4062
2021-11-30,-0.314,0.17,-0.967,45.878,46.1917
2021-12-01,-0.42,0.052,-0.944,45.6275,46.0479
2021-12-02,-0.606,-0.08,-1.053,45.2094,45.8155
2021-12-03,-0.753,-0.215,-1.078,44.8387,45.5921
2021-12-06,-0.911,-0.354,-1.115,44.4266,45.3379
2021-12-07,-1.029,-0.489,-1.08,44.0702,45.0988
2021-12-08,-1.014,-0.594,-0.84,43.9517,44.9656
2021-12-09,-0.962,-0.668,-0.589,43.9068,44.8689
2021-12-10,-0.948,-0.724,-0.449,43.7965,44.7445
2021-12-13,-0.443,-0.667,0.449,44.6355,45.0782
2021-12-14,-0.17,-0.568,0.795,45.0977,45.268
2021-12-15,0.083,-0.438,1.042,45.5627,45.4793
2021-12-16,0.63,-0.224,1.708,46.6284,45.9986
2021-12-17,0.876,-0.004,1.76,47.1933,46.3172
2021-12-20,0.86,0.169,1.382,47.2866,46.427
2021-12-21,0.879,0.311,1.137,47.4471,46.568
2021-12-22,0.977,0.444,1.066,47.7614,46.7844
2021-12-23,0.995,0.554,0.881,47.935,46.9404
2021-12-24,1.086,0.661,0.852,48.2542,47.1678
2021-12-27,1.426,0.814,1.225,49.0643,47.6383
2021-12-28,1.695,0.99,1.41,49.7867,48.0918
2021-12-29,1.953,1.183,1.541,50.5272,48.5739
2021-12-30,2.365,1.419,1.892,51.5999,49.2351
2021-12-31,2.47,1.629,1.681,52.1399,49.6703
2022-01-04,3.029,1.909,2.24,53.5722,50.5429
2022-01-05,3.224,2.172,2.104,54.3811,51.1568
2022-01-06,3.483,2.434,2.098,55.3409,51.8578
2022-01-07,3.11,2.57,1.081,55.1192,52.0091
2022-01-10,2.778,2.611,0.334,54.9239,52.1455
2022-01-11,2.377,2.564,-0.375,54.5464,52.1695
2022-01-12,1.967,2.445,-0.957,54.0946,52.1281
2022-01-13,1.557,2.267,-1.42,53.5862,52.029
2022-01-14,1.232,2.06,-1.656,53.1822,51.9498
2022-01-17,1.183,1.885,-1.404,53.2619,52.0794
2022-01-18,0.962,1.7,-1.476,53.0062,52.0439
2022-01-19,0.903,1.541,-1.275,53.0299,52.1266
2022-01-20,0.628,1.358,-1.46,52.6284,52.0002
2022-01-21,0.25,1.137,-1.773,51.9886,51.7387
2022-01-24,-0.067,0.896,-1.926,51.4134,51.4803
2022-01-25,-0.624,0.592,-2.432,50.3298,50.9536
2022-01-26,-1.075,0.259,-2.666,49.3714,50.4459
2022-01-27,-1.593,-0.112,-2.962,48.2189,49.8114
2022-01-28,-2.023,-0.494,-3.058,47.1621,49.1846
2022-02-07,-2.365,-0.868,-2.994,46.2125,48.5776
2022-02-08,-2.603,-1.215,-2.776,45.4152,48.0185
2022-02-09,-2.678,-1.508,-2.341,44.899,47.5771
2022-02-10,-2.76,-1.758,-2.003,44.3592,47.1188
2022-02-11,-2.92,-1.99,-1.859,43.6562,46.5759
2022-02-14,-3.02,-2.196,-1.647,43.046,46.0658
2022-02-15,-3.043,-2.366,-1.355,42.5697,45.6128
2022-02-16,-2.984,-2.489,-0.99,42.2482,45.2326
2022-02-17,-2.96,-2.584,-0.753,41.8685,44.8287
2022-02-18,-2.876,-2.642,-0.467,41.6087,44.4844
2022-02-21,-2.731,-2.66,-0.143,41.4766,44.2078
2022-02-22,-2.687,-2.665,-0.044,41.171,43.8583
2022-02-23,-2.541,-2.64,0.199,41.0693,43.6103
2022-02-24,-2.57,-2.626,0.113,40.6509,43.2206
2022-02-25,-2.531,-2.607,0.153,40.3585,42.8894
2022-02-28,-2.444,-2.575,0.261,40.1649,42.6087
2022-03-01,-2.336,-2.527,0.382,40.0241,42.3599
2022-03-02,-2.236,-2.469,0.466,39.8835,42.1192
2022-03-03,-2.211,-2.417,0.412,39.6122,41.823
2022-03-04,-2.146,-2.363,0.433,39.4211,41.5672
2022-03-07,-2.197,-2.33,0.265,39.0163,41.2133
2022-03-08,-2.323,-2.328,0.011,38.4599,40.7827
2022-03-09,-2.429,-2.348,-0.161,37.923,40.3521
2022-03-10,-2.418,-2.362,-0.111,37.5979,40.0156
2022-03-11,-2.325,-2.355,0.059,37.4305,39.7559
2022-03-14,-1.785,-2.241,0.911,38.1397,39.9251
2022-03-15,-1.644,-2.122,0.956,38.1582,39.8018
2022-03-16,-1.428,-1.983,1.109,38.3385,39.7669
2022-03-17,-1.22,-1.83,1.221,38.5372,39.7568
2022-03-18,-1.11,-1.686,1.153,38.5746,39.6844
2022-03-21,-0.959,-1.541,1.163,38.7062,39.6656
2022-03-22,-0.686,-1.37,1.367,39.096,39.7822
2022-03-23,-0.511,-1.198,1.375,39.3366,39.8472
2022-03-24,-0.437,-1.046,1.218,39.4064,39.843
2022-03-25,-0.308,-0.898,1.18,39.5916,39.8998
2022-03-28,-0.062,-0.731,1.338,40.0221,40.0843
2022-03-29,0.229,-0.539,1.537,40.5756,40.3462
2022-03-30,0.392,-0.353,1.489,40.9209,40.5294
2022-03-31,0.406,-0.201,1.215,41.0054,40.5991
2022-04-01,0.47,-0.067,1.073,41.1861,40.7162
2022-04-06,0.398,0.026,0.744,41.1144,40.7165
2022-04-07,0.229,0.067,0.324,40.8445,40.616
2022-04-08,-0.08,0.037,-0.234,40.2823,40.3622
2022-04-11,-0.448,-0.06,-0.777,39.5604,40.0087
2022-04-12,-0.712,-0.19,-1.043,38.988,39.6999
2022-04-13,-1.06,-0.364,-1.392,38.2145,39.2747
2022-04-14,-1.29,-0.549,-1.481,37.62,38.9099
2022-04-15,-1.515,-0.743,-1.545,37.0015,38.5166
2022-04-18,-1.628,-0.92,-1.417,36.5674,38.1954
2022-04-19,-1.706,-1.077,-1.258,36.1847,37.8906
2022-04-20,-1.82,-1.226,-1.189,35.7209,37.5409
2022-04-21,-2.045,-1.389,-1.311,35.0269,37.0719
2022-04-22,-2.262,-1.564,-1.396,34.3166,36.5784
2022-04-25,-2.659,-1.783,-1.752,33.2279,35.8867
2022-04-26,-3.035,-2.033,-2.003,32.1236,35.1581
2022-04-27,-3.208,-2.268,-1.88,31.3554,34.5634
2022-04-28,-3.342,-2.483,-1.718,30.6392,33.9809
2022-04-29,-3.313,-2.649,-1.328,30.2178,33.5305
2022-05-05,-3.179,-2.755,-0.848,30.0028,33.1816
2022-05-06,-2.939,-2.792,-0.294,30.0116,32.9504
2022-05-09,-2.776,-2.789,0.026,29.9067,32.6822
2022-05-10,-2.603,-2.751,0.297,29.8426,32.4457
2022-05-11,-2.44,-2.689,0.498,29.7853,32.2253
2022-05-12,-2.266,-2.605,0.677,29.7722,32.0382
2022-05-13,-2.114,-2.506,0.786,29.7426,31.8561
2022-05-16,-1.95,-2.395,0.89,29.756,31.706
2022-05-17,-1.816,-2.279,0.927,29.7366,31.5522
2022-05-18,-1.675,-2.158,0.966,29.7479,31.4231
2022-05-19,-1.557,-2.038,0.963,29.7375,31.294
2022-05-20,-1.432,-1.917,0.969,29.7548,31.187
2022-05-23,-1.27,-1.787,1.035,29.8633,31.1331
2022-05-24,-1.295,-1.689,0.788,29.6336,30.9284
2022-05-25,-1.21,-1.593,0.767,29.613,30.8226
2022-05-26,-1.096,-1.494,0.796,29.6602,30.7557
2022-05-27,-1.043,-1.403,0.721,29.6048,30.6479
2022-05-30,-1.012,-1.325,0.627,29.5164,30.5281
2022-05-31,-0.939,-1.248,0.618,29.5123,30.4512
2022-06-01,-0.87,-1.172,0.605,29.5119,30.3815
2022-06-02,-0.726,-1.083,0.715,29.6655,30.391
2022-06-06,-0.565,-0.979,0.829,29.8723,30.4369
2022-06-07,-0.478,-0.879,0.803,29.9596,30.4371
2022-06-08,-0.371,-0.777,0.812,30.0966,30.4677
2022-06-09,-0.361,-0.694,0.666,30.0633,30.4242
2022-06-10,-0.339,-0.623,0.568,30.0536,30.3928
2022-06-13,-0.31,-0.561,0.5,30.0607,30.3711
2022-06-14,-0.33,-0.514,0.369,29.9791,30.3088
2022-06-15,-0.29,-0.469,0.359,30.0085,30.2985
2022-06-16,-0.119,-0.399,0.56,30.2964,30.4156
2022-06-17,-0.062,-0.332,0.54,30.3893,30.4515
2022-06-20,-0.01,-0.268,0.516,30.4817,30.4914
2022-06-21,0.083,-0.198,0.56,30.6584,30.5757
2022-06-22,0.054,-0.147,0.402,30.614,30.5605
2022-06-23,0.041,-0.11,0.3,30.5965,30.556
2022-06-24,0.046,-0.079,0.249,30.6124,30.5667
2022-06-27,0.105,-0.042,0.294,30.7336,30.6284
2022-06-28,0.254,0.017,0.474,31.0361,30.7819
2022-06-29,0.295,0.073,0.444,31.1505,30.8558
2022-06-30,0.34,0.126,0.427,31.2797,30.9398
2022-07-01,0.373,0.176,0.395,31.3921,31.0191
2022-07-04,0.393,0.219,0.348,31.4841,31.091
2022-07-05,0.359,0.247,0.224,31.4742,31.1154
2022-07-06,0.314,0.26,0.107,31.4382,31.1246
2022-07-07,0.263,0.261,0.005,31.3862,31.1228
2022-07-08,0.29,0.267,0.046,31.4745,31.1848
2022-07-11,0.2,0.253,-0.107,31.343,31.143
2022-07-12,0.006,0.204,-0.396,30.9979,30.9917
2022-07-13,-0.074,0.148,-0.444,30.8444,30.9182
2022-07-14,-0.151,0.089,-0.479,30.6853,30.8361
2022-07-15,-0.272,0.017,-0.576,30.4306,30.7023
2022-07-18,-0.316,-0.05,-0.531,30.3074,30.6229
2022-07-19,-0.154,-0.071,-0.166,30.574,30.7279
2022-07-20,-0.034,-0.063,0.058,30.7826,30.8169
2022-07-21,0.07,-0.037,0.214,30.9791,30.909
2022-07-22,0.11,-0.007,0.235,31.0669,30.9565
2022-07-25,0.089,0.012,0.154,31.0412,30.9523
2022-07-26,0.111,0.032,0.158,31.0964,30.9855
2022-07-27,0.14,0.053,0.173,31.1677,31.0281
2022-07-28,0.173,0.077,0.192,31.2527,31.0794
2022-07-29,0.176,0.097,0.158,31.2831,31.1069
2022-08-01,0.181,0.114,0.133,31.3165,31.136
2022-08-02,0.061,0.103,-0.085,31.1109,31.0504
2022-08-03,-0.048,0.073,-0.241,30.9108,30.9585
2022-08-04,-0.076,0.043,-0.239,30.8491,30.9253
2022-08-05,0.04,0.043,-0.004,31.0631,31.0227
2022-08-08,0.229,0.08,0.299,31.4334,31.204
2022-08-09,0.326,0.129,0.394,31.6529,31.3267
2022-08-10,0.388,0.181,0.414,31.8186,31.4306
2022-08-11,0.455,0.236,0.439,32.0034,31.5483
2022-08-12,0.489,0.286,0.405,32.1336,31.6447
2022-08-15,0.468,0.323,0.291,32.1638,31.6955
2022-08-16,0.42,0.342,0.155,32.1371,31.7173
2022-08-17,0.395,0.353,0.085,32.1499,31.7545
2022-08-18,0.316,0.345,-0.059,32.053,31.7371
2022-08-19,0.223,0.321,-0.196,31.9187,31.6958
2022-08-22,0.168,0.29,-0.244,31.8451,31.6769
2022-08-23,0.082,0.249,-0.333,31.7028,31.6208
2022-08-24,-0.096,0.18,-0.551,31.3716,31.4674
2022-08-25,-0.271,0.09,-0.721,31.0206,31.2913
2022-08-26,-0.451,-0.018,-0.865,30.6344,31.0853
2022-08-29,-0.518,-0.118,-0.799,30.4414,30.959
2022-08-30,-0.546,-0.204,-0.684,30.3135,30.8591
2022-08-31,-0.578,-0.279,-0.599,30.173,30.751
2022-09-01,-0.606,-0.344,-0.524,30.0356,30.642
2022-09-02,-0.563,-0.388,-0.35,30.0332,30.5959
2022-09-05,-0.56,-0.422,-0.275,29.9589,30.5184
2022-09-06,-0.573,-0.452,-0.241,29.8529,30.4259
2022-09-07,-0.59,-0.48,-0.22,29.7386,30.3284
2022-09-08,-0.629,-0.51,-0.239,29.5788,30.2078
2022-09-09,-0.646,-0.537,-0.218,29.4559,30.102
2022-09-13,-0.631,-0.556,-0.151,29.3919,30.0233
2022-09-14,-0.601,-0.565,-0.072,29.3608,29.9616
2022-09-15,-0.632,-0.578,-0.108,29.2145,29.8467
2022-09-16,-0.65,-0.593,-0.114,29.0907,29.7403
2022-09-19,-0.728,-0.62,-0.216,28.8475,29.5751
2022-09-20,-0.781,-0.652,-0.259,28.6402,29.4214
2022-09-21,-0.785,-0.679,-0.213,28.5217,29.3065
2022-09-22,-0.771,-0.697,-0.148,28.4368,29.2075
2022-09-23,-0.827,-0.723,-0.209,28.2173,29.0447
2022-09-26,-0.934,-0.765,-0.337,27.8946,28.8281
2022-09-27,-0.925,-0.797,-0.255,27.7785,28.7031
2022-09-28,-0.971,-0.832,-0.278,27.5572,28.5281
2022-09-29,-1.027,-0.871,-0.313,27.3099,28.3371
2022-09-30,-1.088,-0.914,-0.348,27.0453,28.1336
2022-10-10,-1.19,-0.97,-0.441,26.6937,27.8837
2022-10-11,-1.247,-1.025,-0.443,26.4147,27.6612
2022-10-12,-1.185,-1.057,-0.256,26.3555,27.5404
2022-10-13,-1.006,-1.047,0.082,26.5316,27.5374
2022-10-14,-0.821,-1.002,0.361,26.7437,27.565
2022-10-17,-0.62,-0.925,0.61,27.0139,27.6343
2022-10-18,-0.472,-0.835,0.726,27.2118,27.6836
2022-10-19,-0.357,-0.739,0.764,27.3654,27.7226
2022-10-20,-0.216,-0.635,0.837,27.5861,27.8024
2022-10-21,-0.115,-0.531,0.832,27.7513,27.8659
2022-10-24,-0.052,-0.435,0.766,27.8557,27.9077
2022-10-25,-0.037,-0.355,0.637,27.8779,27.9145
2022-10-26,0.143,-0.256,0.796,28.2182,28.0756
2022-10-27,0.298,-0.145,0.886,28.5385,28.2404
2022-10-28,0.385,-0.039,0.847,28.748,28.3633
2022-10-31,0.511,0.071,0.88,29.0468,28.5356
2022-11-01,0.636,0.184,0.903,29.3596,28.7241
2022-11-02,0.747,0.297,0.901,29.6658,28.9186
2022-11-03,0.809,0.399,0.819,29.8911,29.0824
2022-11-04,0.851,0.489,0.723,30.0879,29.237
2022-11-07,0.934,0.578,0.712,30.3698,29.4357
2022-11-08,1.012,0.665,0.693,30.6529,29.6412
2022-11-09,1.022,0.736,0.571,30.8171,29.7952
2022-11-10,1.096,0.808,0.576,31.1068,30.0104
2022-11-11,1.061,0.859,0.404,31.195,30.1341
2022-11-14,1.158,0.919,0.479,31.5342,30.376
2022-11-15,1.342,1.003,0.677,32.0536,30.7119
2022-11-16,1.776,1.158,1.236,33.0823,31.3066
2022-11-17,2.041,1.334,1.412,33.8466,31.8061
2022-11-18,2.112,1.49,1.244,34.2764,32.1642
2022-11-21,2.037,1.599,0.875,34.4323,32.3957
2022-11-22,1.851,1.65,0.402,34.3643,32.5138
2022-11-23,1.558,1.631,-0.146,34.0652,32.5069
2022-11-24,1.301,1.565,-0.528,33.7921,32.4908
2022-11-25,1.033,1.459,-0.851,33.461,32.4278
2022-11-28,0.79,1.325,-1.07,33.1393,32.3494
2022-11-29,0.629,1.186,-1.115,32.9409,32.3124
2022-11-30,0.443,1.037,-1.188,32.6731,32.23
2022-12-01,0.337,0.897,-1.12,32.5326,32.1952
2022-12-02,0.301,0.778,-0.954,32.5107,32.2096
2022-12-05,0.283,0.679,-0.793,32.5183,32.2356
2022-12-06,0.17,0.577,-0.814,32.3416,32.1715
2022-12-07,0.118,0.485,-0.736,32.2644,32.1469
2022-12-08,0.004,0.389,-0.77,32.0622,32.0582
2022-12-09,-0.017,0.308,-0.65,32.0219,32.0391
2022-12-12,-0.051,0.236,-0.574,31.9539,32.0051
2022-12-13,-0.133,0.162,-0.591,31.7887,31.9218
2022-12-14,-0.199,0.09,-0.578,31.6427,31.8417
2022-12-15,-0.234,0.025,-0.518,31.5469,31.7808
2022-12-16,-0.34,-0.048,-0.584,31.3089,31.6489
2022-12-19,-0.466,-0.131,-0.668,31.0183,31.4838
2022-12-20,-0.595,-0.224,-0.742,30.7016,31.2969
2022-12-21,-0.697,-0.319,-0.756,30.4214,31.1179
2022-12-22,-0.798,-0.415,-0.767,30.1258,30.924
2022-12-23,-0.82,-0.496,-0.649,29.9695,30.7896
2022-12-26,-0.806,-0.558,-0.497,29.8788,30.6852
2022-12-27,-0.801,-0.606,-0.389,29.7744,30.5752
2022-12-28,-0.825,-0.65,-0.349,29.6137,30.4385
2022-12-29,-0.832,-0.686,-0.291,29.4824,30.3142
2022-12-30,-0.78,-0.705,-0.15,29.4636,30.2435
2023-01-03,-0.628,-0.69,0.124,29.6461,30.2736
2023-01-04,-0.466,-0.645,0.358,29.8682,30.3341
2023-01-05,-0.344,-0.585,0.482,30.0377,30.3812
2023-01-06,-0.276,-0.523,0.493,30.1181,30.3944
2023-01-09,-0.219,-0.462,0.486,30.1892,30.4081
2023-01-10,-0.147,-0.399,0.504,30.297,30.4438
2023-01-11,-0.122,-0.344,0.443,30.3236,30.4457
2023-01-12,-0.078,-0.291,0.424,30.3907,30.469
2023-01-13,-0.051,-0.243,0.383,30.4321,30.4831
2023-01-16,0.044,-0.185,0.459,30.6087,30.5644
2023-01-17,0.081,-0.132,0.426,30.6858,30.6048
2023-01-18,0.138,-0.078,0.433,30.808,30.6696
2023-01-19,0.231,-0.016,0.495,31.0068,30.7756
2023-01-20,0.325,0.052,0.546,31.2211,30.8959
2023-01-30,0.781,0.198,1.167,32.1471,31.3658
2023-01-31,1.036,0.366,1.341,32.7506,31.7143
2023-02-01,1.338,0.56,1.556,33.4813,32.1429
2023-02-02,1.632,0.775,1.714,34.238,32.6064
2023-02-03,1.967,1.013,1.908,35.1183,33.1511
2023-02-06,2.386,1.288,2.196,36.2063,33.8206
2023-02-07,2.684,1.567,2.234,37.1223,34.4383
2023-02-08,2.802,1.814,1.976,37.7327,34.931
2023-02-09,2.789,2.009,1.56,38.1077,35.3191
2023-02-10,2.782,2.164,1.238,38.4942,35.7118
2023-02-13,2.83,2.297,1.067,38.9843,36.1539
2023-02-14,2.984,2.434,1.1,39.6852,36.701
2023-02-15,3.522,2.652,1.74,41.149,37.6269
2023-02-16,4.127,2.947,2.36,42.8184,38.6916
2023-02-17,4.308,3.219,2.177,43.7571,39.4493
2023-02-20,4.926,3.56,2.73,45.5637,40.6382
2023-02-21,5.238,3.896,2.684,46.8693,41.6317
2023-02-22,5.233,4.163,2.14,47.6094,42.376
2023-02-23,4.877,4.306,1.142,47.6695,42.7926
2023-02-24,4.556,4.356,0.399,47.7465,43.1909
2023-02-27,4.094,4.304,-0.419,47.507,43.4131
2023-02-28,3.656,4.174,-1.036,47.2475,43.5914
2023-03-01,3.598,4.059,-0.922,47.6571,44.0594
2023-03-02,3.942,4.035,-0.187,48.8345,44.8928
2023-03-03,4.427,4.114,0.627,50.3338,45.9067
2023-03-06,4.605,4.212,0.787,51.3101,46.7047
2023-03-07,4.688,4.307,0.761,52.127,47.4392
2023-03-08,4.526,4.351,0.35,52.4844,47.9585
2023-03-09,4.328,4.346,-0.037,52.7483,48.4208
2023-03-10,4.139,4.305,-0.332,53.0024,48.8637
2023-03-13,4.812,4.406,0.811,54.8913,50.0797
2023-03-14,5.103,4.545,1.115,56.1403,51.0375
2023-03-15,5.288,4.694,1.188,57.2264,51.9384
2023-03-16,5.882,4.932,1.901,59.127,53.2452
2023-03-17,6.341,5.214,2.256,60.8536,54.5122
2023-03-20,6.793,5.529,2.527,62.63,55.8372
2023-03-21,6.803,5.784,2.037,63.6192,56.8167
2023-03-22,7.079,6.043,2.072,65.1239,58.0451
2023-03-23,7.086,6.252,1.669,66.1495,59.0632
2023-03-24,7.429,6.487,1.883,67.8219,60.3933
2023-03-27,7.794,6.749,2.091,69.5878,61.7938
2023-03-28,7.37,6.873,0.994,69.8835,62.5135
2023-03-29,7.101,6.918,0.364,70.4168,63.3162
2023-03-30,6.781,6.891,-0.22,70.8142,64.0335
2023-03-31,6.707,6.854,-0.294,71.6412,64.934
2023-04-03,6.998,6.883,0.229,73.1595,66.1619
2023-04-04,6.786,6.863,-0.156,73.7503,66.9647
2023-04-06,5.875,6.666,-1.582,72.9626,67.0881
2023-04-07,5.473,6.427,-1.909,73.0268,67.5542
2023-04-10,4.882,6.118,-2.473,72.6688,67.7872
2023-04-11,4.674,5.829,-2.31,72.9659,68.2919
2023-04-12,5.648,5.793,-0.289,75.5127,69.8644
2023-04-13,6.197,5.874,0.646,77.3769,71.1804
2023-04-14,6.258,5.951,0.615,78.3805,72.1226
2023-04-17,6.083,5.977,0.212,78.9373,72.8543
2023-04-18,6.355,6.053,0.605,80.3316,73.9762
2023-04-19,6.659,6.174,0.97,81.8252,75.1661
2023-04-20,8.258,6.591,3.334,85.8598,77.6019
2023-04-21,9.971,7.267,5.408,90.3429,80.3721
2023-04-24,11.423,8.098,6.649,94.5671,83.1445
2023-04-25,13.721,9.223,8.997,100.6322,86.9108
2023-04-26,14.966,10.371,9.19,104.9934,90.027
2023-04-27,14.816,11.26,7.111,106.8406,92.025
2023-04-28,16.395,12.287,8.216,112.0036,95.6083
2023-05-04,18.89,13.608,10.564,119.1569,100.2669
2023-05-05,19.473,14.781,9.384,122.9789,103.5064
2023-05-08,19.667,15.758,7.818,126.136,106.4689
2023-05-09,19.635,16.533,6.203,128.8828,109.2482
2023-05-10,19.864,17.199,5.329,132.1301,112.2661
2023-05-11,19.115,17.583,3.065,133.5239,114.4086
2023-05-12,17.695,17.605,0.18,133.5156,115.8206
2023-05-15,16.917,17.467,-1.101,134.5424,117.6257
2023-05-16,15.255,17.025,-3.54,133.7543,118.4994
2023-05-17,13.658,16.352,-5.387,132.8536,119.1957
2023-05-18,12.871,15.655,-5.569,133.2869,120.416
2023-05-19,11.041,14.733,-7.383,131.5966,120.5556
2023-05-22,9.538,13.694,-8.311,130.2756,120.7374
2023-05-23,8.355,12.626,-8.542,129.3563,121.0013
2023-05-24,7.228,11.546,-8.636,128.3769,121.1486
2023-05-25,5.776,10.392,-9.233,126.6081,120.8324
2023-05-26,6.145,9.543,-6.796,128.1453,122.0004
2023-05-29,5.878,8.81,-5.864,128.5076,122.63
2023-05-30,6.521,8.352,-3.662,130.588,124.067
2023-05-31,7.114,8.105,-1.98,132.6637,125.5494
2023-06-01,7.955,8.075,-0.239,135.3016,127.3465
2023-06-02,7.738,8.007,-0.538,136.0198,128.2816
2023-06-05,7.562,7.918,-0.712,136.786,129.2237
2023-06-06,7.097,7.754,-1.313,136.9697,129.8723
2023-06-07,6.822,7.568,-1.491,137.4528,130.6306
2023-06-08,5.914,7.237,-2.646,136.6754,130.7617
2023-06-09,5.023,6.794,-3.542,135.8023,130.7794
2023-06-12,4.051,6.245,-4.389,134.645,130.5943
2023-06-13,3.53,5.702,-4.344,134.2196,130.6895
2023-06-14,3.601,5.282,-3.363,134.8597,131.2592
2023-06-15,3.305,4.887,-3.163,134.8044,131.4993
2023-06-16,3.626,4.634,-2.018,135.8945,132.269
2023-06-19,4.611,4.63,-0.037,138.3138,133.7024
2023-06-20,6.184,4.941,2.487,142.0055,135.8215
2023-06-21,5.805,5.114,1.384,142.1585,136.3532
2023-06-26,4.405,4.972,-1.133,140.288,135.8826
2023-06-27,3.099,4.597,-2.997,138.3975,135.2987
2023-06-28,1.151,3.908,-5.514,135.084,133.9329
2023-06-29,-0.497,3.027,-7.049,132.0695,132.5668
2023-06-30,-1.651,2.092,-7.484,129.7742,131.4248
2023-07-03,-2.882,1.097,-7.958,127.1628,130.0452
2023-07-04,-3.769,0.124,-7.785,125.0408,128.81
2023-07-05,-4.561,-0.813,-7.495,122.9761,127.5367
2023-07-06,-5.114,-1.674,-6.882,121.2567,126.371
2023-07-07,-5.768,-2.492,-6.55,119.2664,125.0339
2023-07-10,-6.238,-3.242,-5.994,117.5346,123.7729
2023-07-11,-6.396,-3.873,-5.048,116.3385,122.7349
2023-07-12,-7.066,-4.511,-5.11,114.1326,121.199
2023-07-13,-7.418,-5.093,-4.65,112.446,119.8635
2023-07-14,-7.326,-5.539,-3.574,111.562,118.8884
2023-07-17,-7.619,-5.955,-3.328,109.9509,117.57
2023-07-18,-7.89,-6.342,-3.096,108.34,116.23
2023-07-19,-7.724,-6.619,-2.21,107.5338,115.2574
2023-07-20,-7.888,-6.872,-2.031,106.1132,114.0013
2023-07-21,-7.91,-7.08,-1.661,104.9435,112.8538
2023-07-24,-7.767,-7.218,-1.1,104.0891,111.8565
2023-07-25,-6.792,-7.132,0.681,104.8615,111.6531
2023-07-26,-6.421,-6.99,1.138,104.6059,111.0269
2023-07-27,-6.233,-6.839,1.211,104.0511,110.2842
2023-07-28,-6.513,-6.773,0.522,102.6217,109.1343
2023-07-31,-6.638,-6.746,0.216,101.4491,108.0873
2023-08-01,-6.761,-6.749,-0.024,100.2631,107.0245
2023-08-02,-6.842,-6.768,-0.149,99.1411,105.9834
2023-08-03,-6.839,-6.782,-0.113,98.1702,105.0091
2023-08-04,-6.607,-6.747,0.281,97.6409,104.2477
2023-08-07,-6.145,-6.627,0.964,97.5885,103.7331
2023-08-08,-5.778,-6.457,1.358,97.418,103.1958
2023-08-09,-5.714,-6.308,1.188,96.7152,102.4294
2023-08-10,-5.571,-6.161,1.18,96.1759,101.7465
2023-08-11,-5.379,-6.005,1.25,95.7488,101.1282
2023-08-14,-4.681,-5.74,2.118,96.3274,101.0083
2023-08-15,-4.402,-5.472,2.141,96.197,100.5988
2023-08-16,-4.31,-5.24,1.86,95.7452,100.0552
2023-08-17,-4.038,-5.0,1.922,95.6536,99.6919
2023-08-18,-4.322,-4.864,1.084,94.53,98.8518
2023-08-21,-4.412,-4.774,0.724,93.7392,98.1509
2023-08-22,-4.09,-4.637,1.094,93.7301,97.8197
2023-08-23,-4.191,-4.548,0.713,92.9501,97.1412
2023-08-24,-4.353,-4.509,0.312,92.0393,96.3922
2023-08-25,-4.687,-4.544,-0.285,90.7733,95.4602
2023-08-28,-4.727,-4.581,-0.292,90.0266,94.7535
2023-08-29,-4.389,-4.543,0.306,90.0025,94.3918
2023-08-30,-3.77,-4.388,1.236,90.5698,94.3398
2023-08-31,-3.514,-4.213,1.399,90.5252,94.0391
2023-09-01,-3.373,-4.045,1.344,90.2952,93.6681
2023-09-04,-3.174,-3.871,1.394,90.1975,93.3712
2023-09-05,-3.245,-3.746,1.002,89.6071,92.8519
2023-09-06,-3.513,-3.699,0.372,88.626,92.1392
2023-09-07,-3.927,-3.745,-0.364,87.3266,91.2533
2023-09-08,-4.38,-3.872,-1.016,85.8917,90.2716
2023-09-11,-4.452,-3.988,-0.929,85.1268,89.5789
2023-09-12,-4.451,-4.08,-0.741,84.4934,88.9442
2023-09-13,-4.61,-4.186,-0.847,83.5513,88.1609
2023-09-14,-4.773,-4.304,-0.939,82.5773,87.3505
2023-09-15,-4.936,-4.43,-1.012,81.5808,86.5171
2023-09-18,-5.098,-4.564,-1.069,80.5638,85.6618
2023-09-19,-5.14,-4.679,-0.921,79.7555,84.895
2023-09-20,-5.218,-4.787,-0.863,78.87,84.088
2023-09-21,-5.252,-4.88,-0.744,78.0592,83.3111
2023-09-22,-4.549,-4.814,0.53,78.6655,83.214
2023-09-25,-3.746,-4.6,1.708,79.5631,83.3093
2023-09-26,-2.099,-4.1,4.001,82.2042,84.3034
2023-09-27,-0.795,-3.439,5.287,84.4189,85.2143
2023-09-28,0.471,-2.657,6.255,86.7468,86.2762
2023-10-09,0.879,-1.95,5.657,87.6011,86.7224
2023-10-10,1.188,-1.322,5.021,88.324,87.1356
2023-10-11,1.586,-0.741,4.653,89.2603,87.6744
2023-10-12,1.703,-0.252,3.91,89.7126,88.0096
2023-10-13,1.516,0.102,2.829,89.5953,88.0793
2023-10-16,1.14,0.309,1.661,89.0868,87.9468
2023-10-17,0.764,0.4,0.727,88.5242,87.7604
2023-10-18,0.203,0.361,-0.316,87.5512,87.3485
2023-10-19,-0.371,0.215,-1.171,86.4741,86.8449
2023-10-20,-1.059,-0.04,-2.038,85.0935,86.1527
2023-10-23,-1.914,-0.415,-2.999,83.293,85.2073
2023-10-24,-2.062,-0.744,-2.634,82.7356,84.7971
2023-10-25,-2.247,-1.045,-2.404,82.084,84.3306
2023-10-26,-2.349,-1.306,-2.087,81.5649,83.9143
2023-10-27,-2.351,-1.515,-1.673,81.2257,83.5769
2023-10-30,-2.165,-1.645,-1.04,81.2494,83.4142
2023-10-31,-2.072,-1.73,-0.684,81.1187,83.1909
2023-11-01,-2.153,-1.815,-0.676,80.6666,82.8197
2023-11-02,-2.182,-1.888,-0.587,80.304,82.4856
2023-11-03,-1.712,-1.853,0.283,80.8988,82.6104
2023-11-06,-0.815,-1.645,1.661,82.3836,83.1985
2023-11-07,-0.046,-1.326,2.558,83.7492,83.7956
2023-11-08,0.861,-0.888,3.498,85.4924,84.6315
2023-11-09,1.495,-0.412,3.813,86.8382,85.3432
2023-11-10,1.771,0.025,3.491,87.5831,85.8126
2023-11-13,2.175,0.455,3.441,88.6165,86.4413
2023-11-14,2.452,0.854,3.195,89.4601,87.0086
2023-11-15,2.421,1.168,2.506,89.7509,87.3302
2023-11-16,2.162,1.366,1.59,89.5969,87.4354
2023-11-17,2.034,1.5,1.068,89.6589,87.6254
2023-11-20,1.903,1.58,0.645,89.6975,87.7946
2023-11-21,1.678,1.6,0.157,89.5363,87.858
2023-11-22,1.256,1.531,-0.55,88.9615,87.7056
2023-11-23,0.899,1.405,-1.012,88.452,87.5533
2023-11-24,0.356,1.195,-1.678,87.5332,87.1775
2023-11-27,-0.178,0.92,-2.197,86.5542,86.7325
2023-11-28,-0.58,0.62,-2.401,85.7536,86.3338
2023-11-29,-1.047,0.287,-2.668,84.77,85.8172
2023-11-30,-1.453,-0.061,-2.783,83.8377,85.2907
2023-12-01,-0.499,-0.149,-0.7,85.4704,85.9692
2023-12-04,0.7,0.021,1.359,87.7119,87.0115
2023-12-05,1.322,0.281,2.081,89.0101,87.6884
2023-12-06,1.97,0.619,2.702,90.4485,88.4789
2023-12-07,2.961,1.087,3.747,92.641,89.6805
2023-12-08,3.966,1.663,4.607,95.0039,91.0375
2023-12-11,4.63,2.256,4.747,96.8495,92.2199
2023-12-12,4.961,2.797,4.327,98.1496,93.1888
2023-12-13,4.893,3.216,3.352,98.7266,93.8341
2023-12-14,4.697,3.513,2.369,99.0487,94.3516
2023-12-15,4.418,3.694,1.449,99.1812,94.7633
2023-12-18,4.02,3.759,0.523,99.0456,95.0253
2023-12-19,3.974,3.802,0.344,99.5309,95.5568
2023-12-20,3.377,3.717,-0.681,98.9461,95.5696
2023-12-21,3.142,3.602,-0.92,98.9759,95.8341
2023-12-22,2.432,3.368,-1.871,98.0565,95.6242
2023-12-25,1.777,3.05,-2.545,97.1401,95.3631
2023-12-26,1.049,2.65,-3.202,95.9893,94.9406
2023-12-27,0.429,2.205,-3.553,94.9433,94.5146
2023-12-28,0.248,1.814,-3.131,94.6566,94.4083
2023-12-29,0.225,1.496,-2.542,94.6479,94.4225
2024-01-02,-0.117,1.174,-2.58,94.0205,94.1371
2024-01-03,-0.35,0.869,-2.437,93.5543,93.904
2024-01-04,-0.918,0.511,-2.86,92.4075,93.3259
2024-01-05,-1.509,0.107,-3.233,91.1371,92.6462
2024-01-08,-1.916,-0.297,-3.238,90.136,92.0524
2024-01-09,-2.334,-0.705,-3.259,89.0566,91.3907
2024-01-10,-2.788,-1.121,-3.333,87.8479,90.6358
2024-01-11,-2.814,-1.46,-2.708,87.399,90.2131
2024-01-12,-3.052,-1.778,-2.548,86.5376,89.5899
2024-01-15,-3.25,-2.073,-2.354,85.721,88.9706
2024-01-16,-3.306,-2.319,-1.973,85.1485,88.4543
2024-01-17,-3.2,-2.495,-1.41,84.8795,88.0799
2024-01-18,-2.204,-2.437,0.466,86.3442,88.5481
2024-01-19,-1.726,-2.295,1.138,86.9512,88.6771
2024-01-22,-1.445,-2.125,1.36,87.2464,88.6914
2024-01-23,-0.713,-1.843,2.259,88.4516,89.1646
2024-01-24,-0.31,-1.536,2.452,89.1267,89.4369
2024-01-25,0.228,-1.183,2.822,90.1195,89.8919
2024-01-26,0.358,-0.875,2.467,90.4042,90.0458
2024-01-29,-0.682,-0.836,0.309,88.4497,89.1313
2024-01-30,-1.53,-0.975,-1.11,86.7159,88.246
2024-01-31,-2.104,-1.201,-1.806,85.3904,87.4944
2024-02-01,-2.395,-1.44,-1.91,84.5288,86.9237
2024-02-02,-2.595,-1.671,-1.848,83.8013,86.396
2024-02-05,-2.962,-1.929,-2.066,82.7226,85.6844
2024-02-06,-2.688,-2.081,-1.215,82.8268,85.5152
2024-02-07,-2.503,-2.165,-0.676,82.7996,85.303
2024-02-08,-2.206,-2.174,-0.066,83.015,85.2213
2024-02-19,-0.605,-1.86,2.51,85.7881,86.3931
2024-02-20,0.968,-1.294,4.525,88.7361,87.7677
2024-02-21,1.841,-0.667,5.017,90.5582,88.7168
2024-02-22,2.685,0.003,5.363,92.4477,89.763
2024-02-23,3.535,0.71,5.651,94.4711,90.9361
2024-02-26,3.916,1.351,5.13,95.7109,91.7949
2024-02-27,4.43,1.967,4.926,97.2615,92.8316
2024-02-28,4.16,2.405,3.509,97.3736,93.2137
2024-02-29,4.147,2.754,2.787,97.9438,93.7964
2024-03-01,4.413,3.086,2.654,99.0478,94.6352
2024-03-04,4.69,3.406,2.567,100.2128,95.523
2024-03-05,5.409,3.807,3.204,102.2693,96.8606
2024-03-06,5.723,4.19,3.066,103.6479,97.925
2024-03-07,5.343,4.421,1.845,103.7328,98.3898
2024-03-08,5.152,4.567,1.17,104.1278,98.9757
2024-03-11,4.96,4.646,0.628,104.4928,99.5331
2024-03-12,4.559,4.628,-0.138,104.4293,99.8699
2024-03-13,4.411,4.585,-0.348,104.794,100.3832
2024-03-14,3.953,4.458,-1.011,104.5411,100.5881
2024-03-15,3.749,4.316,-1.136,104.7117,100.9631
2024-03-18,3.723,4.198,-0.95,105.1976,101.4747
2024-03-19,3.569,4.072,-1.007,105.4318,101.8632
2024-03-20,3.685,3.995,-0.62,106.1654,102.4807
2024-03-21,3.916,3.979,-0.126,107.1369,103.2214
2024-03-22,4.23,4.029,0.403,108.3035,104.0731
2024-03-25,3.845,3.992,-0.294,108.1645,104.3195
2024-03-26,2.974,3.789,-1.629,107.0346,104.0603
2024-03-27,1.626,3.356,-3.46,104.86,103.2336
2024-03-28,0.847,2.854,-4.015,103.5892,102.7422
2024-03-29,-0.009,2.282,-4.582,102.0586,102.068
2024-04-01,-0.39,1.747,-4.274,101.3234,101.7133
2024-04-02,-0.897,1.218,-4.232,100.289,101.1864
2024-04-03,-1.783,0.618,-4.801,98.4538,100.2363
2024-04-08,-2.442,0.006,-4.896,96.9271,99.3692
2024-04-09,-3.036,-0.602,-4.868,95.4322,98.4685
2024-04-10,-3.704,-1.223,-4.963,93.7103,97.4145
2024-04-11,-4.083,-1.795,-4.576,92.4503,96.5334
2024-04-12,-4.287,-2.293,-3.988,91.4733,95.7606
2024-04-15,-4.607,-2.756,-3.702,90.2436,94.8509
2024-04-16,-5.2,-3.245,-3.91,88.443,93.6427
2024-04-17,-5.218,-3.64,-3.158,87.6641,92.8825
2024-04-18,-5.275,-3.967,-2.616,86.8096,92.0845
2024-04-19,-5.117,-4.197,-1.841,86.3604,91.4775
2024-04-22,-5.031,-4.364,-1.335,85.7957,90.8266
2024-04-23,-4.606,-4.412,-0.388,85.8964,90.5024
2024-04-24,-4.124,-4.355,0.461,86.1677,90.2919
2024-04-25,-3.828,-4.249,0.842,86.1496,89.9777
2024-04-26,-3.157,-4.031,1.748,86.8974,90.0542
2024-04-29,-2.435,-3.712,2.554,87.8393,90.2739
2024-04-30,-1.922,-3.354,2.863,88.4794,90.4018
2024-05-06,-1.501,-2.983,2.965,89.018,90.5187
2024-05-07,-1.359,-2.658,2.599,89.0768,90.4358
2024-05-08,-1.498,-2.426,1.856,88.6142,90.1124
2024-05-09,-1.555,-2.252,1.394,88.2905,89.8456
2024-05-10,-1.671,-2.136,0.931,87.8458,89.5163
2024-05-13,-1.389,-1.987,1.194,88.1495,89.5388
2024-05-14,-1.32,-1.853,1.067,88.085,89.4048
2024-05-15,-1.624,-1.807,0.367,87.3104,88.9341
2024-05-16,-1.819,-1.81,-0.019,86.7011,88.5205
2024-05-17,-1.901,-1.828,-0.146,86.284,88.1849
2024-05-20,-1.944,-1.851,-0.186,85.9295,87.8734
2024-05-21,-1.914,-1.864,-0.1,85.7096,87.6235
2024-05-22,-1.917,-1.874,-0.084,85.4312,87.3477
2024-05-23,-2.137,-1.927,-0.42,84.7326,86.8694
2024-05-24,-2.372,-2.016,-0.712,83.9737,86.3457
2024-05-27,-2.403,-2.093,-0.62,83.5747,85.9779
2024-05-28,-2.583,-2.191,-0.784,82.8847,85.4677
2024-05-29,-2.691,-2.291,-0.8,82.3071,84.9982
2024-05-30,-2.74,-2.381,-0.717,81.8291,84.5687
2024-05-31,-2.671,-2.439,-0.464,81.5708,84.2414
2024-06-03,-2.465,-2.444,-0.042,81.5861,84.0509
2024-06-04,-2.232,-2.402,0.34,81.6836,83.9153
2024-06-05,-4.229,-2.767,-2.924,77.5123,81.7416
2024-06-06,-5.871,-3.388,-4.966,73.7427,79.6133
2024-06-07,-7.106,-4.132,-5.95,70.5207,77.6271
2024-06-11,-7.853,-4.876,-5.954,68.0667,75.9192
2024-06-12,-8.265,-5.554,-5.424,66.1487,74.4141
2024-06-13,-8.518,-6.146,-4.743,64.4812,72.999
2024-06-14,-8.534,-6.624,-3.82,63.2333,71.7672
2024-06-17,-8.482,-6.996,-2.973,62.1143,70.5963
2024-06-18,-8.299,-7.256,-2.086,61.2552,69.5544
2024-06-19,-8.129,-7.431,-1.397,60.3975,68.5267
2024-06-20,-8.102,-7.565,-1.074,59.2887,67.3906
2024-06-21,-8.015,-7.655,-0.721,58.2981,66.3135
2024-06-24,-8.061,-7.736,-0.649,57.0661,65.1266
2024-06-25,-8.113,-7.812,-0.603,55.8129,63.9261
2024-06-26,-7.432,-7.736,0.608,55.9678,63.3997
2024-06-27,-7.02,-7.593,1.145,55.7004,62.7205
2024-06-28,-6.71,-7.416,1.412,55.2957,62.0056
2024-07-01,-6.402,-7.213,1.623,54.9317,61.3333
2024-07-02,-6.105,-6.992,1.772,54.5884,60.6938
2024-07-03,-5.924,-6.778,1.709,54.0671,59.9906
2024-07-04,-5.821,-6.587,1.531,53.4183,59.2394
2024-07-05,-5.603,-6.39,1.574,53.0078,58.6106
2024-07-08,-5.537,-6.219,1.364,52.3343,57.8713
2024-07-09,-5.316,-6.039,1.445,51.969,57.2853
2024-07-10,-5.096,-5.85,1.509,51.6353,56.7308
2024-07-11,-4.789,-5.638,1.698,51.4991,56.2878
2024-07-12,-4.569,-5.424,1.71,51.2392,55.808
2024-07-15,-4.38,-5.215,1.671,50.9516,55.3311
2024-07-16,-4.116,-4.995,1.759,50.8344,54.9503
2024-07-17,-3.884,-4.773,1.778,50.6937,54.5777
2024-07-18,-3.769,-4.572,1.607,50.3608,54.1297
2024-07-19,-3.618,-4.381,1.526,50.113,53.7312
2024-07-22,-3.429,-4.191,1.523,49.9602,53.3896
2024-07-23,-3.364,-4.026,1.323,49.5956,52.96
2024-07-24,-3.405,-3.902,0.993,49.0363,52.4415
2024-07-25,-3.414,-3.804,0.781,48.5338,51.9473
2024-07-26,-3.312,-3.706,0.788,48.2424,51.5542
2024-07-29,-3.178,-3.6,0.845,48.0282,51.2057
2024-07-30,-3.056,-3.491,0.87,47.8085,50.8645
2024-07-31,-2.768,-3.347,1.157,47.9272,50.6953
2024-08-01,-2.557,-3.189,1.264,47.9399,50.4964
2024-08-02,-2.429,-3.037,1.215,47.8199,50.2493
2024-08-05,-2.443,-2.918,0.951,47.4476,49.8901
2024-08-06,-2.362,-2.807,0.89,47.2541,49.616
2024-08-07,-2.332,-2.712,0.759,46.9735,49.3059
2024-08-08,-2.323,-2.634,0.621,46.6576,48.981
2024-08-09,-2.363,-2.58,0.433,46.2487,48.612
2024-08-12,-2.4,-2.544,0.287,45.8397,48.24
2024-08-13,-2.357,-2.507,0.3,45.5813,47.9378
2024-08-14,-2.257,-2.457,0.399,45.4365,47.6935
2024-08-15,-2.113,-2.388,0.55,45.3924,47.5051
2024-08-16,-2.187,-2.348,0.321,44.9474,47.1344
2024-08-19,-2.196,-2.317,0.243,44.6186,46.8141
2024-08-20,-2.24,-2.302,0.123,44.2188,46.459
2024-08-21,-2.301,-2.302,0.002,43.7821,46.0828
2024-08-22,-2.394,-2.32,-0.147,43.2741,45.6678
2024-08-23,-2.427,-2.342,-0.172,42.8673,45.2946
2024-08-26,-2.435,-2.36,-0.149,42.5062,44.9409
2024-08-27,-2.48,-2.384,-0.192,42.0714,44.5512
2024-08-28,-2.505,-2.408,-0.194,41.6681,44.1733
2024-08-29,-2.467,-2.42,-0.094,41.3838,43.8508
2024-08-30,-2.318,-2.4,0.163,41.3186,43.6367
2024-09-02,-2.335,-2.387,0.103,40.9542,43.2895
2024-09-03,-2.259,-2.361,0.204,40.7674,43.0266
2024-09-04,-2.211,-2.331,0.241,40.5386,42.7491
2024-09-05,-2.096,-2.284,0.376,40.4434,42.5395
2024-09-06,-2.049,-2.237,0.376,40.2352,42.284
2024-09-09,-2.017,-2.193,0.352,40.0036,42.0207
2024-09-10,-1.886,-2.132,0.491,39.9677,41.854
2024-09-11,-1.626,-2.031,0.809,40.2004,41.8263
2024-09-12,-1.384,-1.901,1.035,40.4357,41.8192
2024-09-13,-1.282,-1.777,0.99,40.4333,41.7156
2024-09-18,-1.33,-1.688,0.716,40.1589,41.4885
2024-09-19,-1.281,-1.607,0.65,40.0621,41.3434
2024-09-20,-1.248,-1.535,0.574,39.9433,41.1913
2024-09-23,-1.235,-1.475,0.48,39.7905,41.0253
2024-09-24,-1.04,-1.388,0.696,39.9904,41.0301
2024-09-25,-0.748,-1.26,1.024,40.4042,41.1523
2024-09-26,-0.428,-1.094,1.331,40.9143,41.3425
2024-09-27,0.159,-0.843,2.004,41.9859,41.8268
2024-09-30,1.381,-0.398,3.558,44.365,42.9841
2024-10-08,3.239,0.329,5.82,48.1458,44.9068
2024-10-09,4.575,1.178,6.793,51.1849,46.61
2024-10-10,5.017,1.946,6.141,52.6903,47.6737
2024-10-11,4.855,2.528,4.654,53.0949,48.2401
2024-10-14,4.959,3.014,3.89,53.9895,49.0305
2024-10-15,4.856,3.382,2.947,54.4988,49.6431
2024-10-16,4.711,3.648,2.125,54.9128,50.2021
2024-10-17,4.877,3.894,1.966,55.9062,51.0294
2024-10-18,5.093,4.134,1.918,57.0191,51.9265
2024-10-21,5.311,4.369,1.883,58.1669,52.8564
2024-10-22,5.627,4.621,2.012,59.5351,53.9085
2024-10-23,5.434,4.783,1.302,59.9682,54.5338
2024-10-24,5.193,4.865,0.656,60.2792,55.0861
2024-10-25,4.968,4.886,0.164,60.587,55.619
2024-10-28,4.949,4.898,0.101,61.2598,56.3109
2024-10-29,4.665,4.852,-0.373,61.4198,56.7545
2024-10-30,4.325,4.746,-0.844,61.4291,57.1045
2024-10-31,4.0,4.597,-1.194,61.4215,57.4212
2024-11-01,3.283,4.334,-2.103,60.609,57.3263
2024-11-04,2.764,4.02,-2.512,60.0784,57.314
2024-11-05,2.565,3.729,-2.328,60.0894,57.5241
2024-11-06,2.391,3.462,-2.141,60.1203,57.729
2024-11-07,2.327,3.235,-1.815,60.3387,58.0113
2024-11-08,2.296,3.047,-1.502,60.6112,58.3149
2024-11-11,2.626,2.963,-0.673,61.5756,58.9494
2024-11-12,2.595,2.889,-0.589,61.8901,59.2954
2024-11-13,2.921,2.896,0.051,62.8901,59.9691
2024-11-14,3.077,2.932,0.29,63.6085,60.5314
2024-11-15,3.342,3.014,0.655,64.558,61.2165
2024-11-18,2.685,2.948,-0.526,63.7691,61.0842
2024-11-19,2.125,2.783,-1.317,63.0723,60.9476
2024-11-20,1.853,2.597,-1.488,62.8519,60.9989
2024-11-21,1.59,2.396,-1.611,62.6101,61.0197
2024-11-22,1.319,2.181,-1.722,62.3147,60.9953
2024-11-25,1.166,1.978,-1.624,62.2063,61.0408
2024-11-26,0.97,1.776,-1.612,61.9961,61.0259
2024-11-27,1.013,1.623,-1.221,62.2167,61.204
2024-11-28,0.793,1.457,-1.329,61.9372,61.1444
2024-11-29,0.889,1.247,-0.715,62.3583,61.4691
