交易时间，短分时级别格式为yyyy-MM-dd HH:mm:ss，日线级别为yyyy-MM-dd,K值,D值,J值
2018-01-30,100.0,100.0,100.0
2018-01-31,100.0,100.0,100.0
2018-02-01,99.19,99.73,98.11
2018-02-02,91.82,97.1,81.26
2018-02-05,79.22,91.15,55.36
2018-02-06,61.51,81.28,21.97
2018-02-07,49.68,70.76,7.52
2018-02-08,40.78,60.78,0.78
2018-02-09,34.75,52.11,0.03
2018-02-12,39.41,47.88,22.47
2018-02-13,32.98,42.92,13.1
2018-02-14,24.85,36.9,0.75
2018-02-22,26.3,33.37,12.16
2018-02-23,28.88,31.87,22.9
2018-02-26,37.82,33.85,45.76
2018-02-27,47.99,38.56,66.85
2018-02-28,40.72,39.28,43.6
2018-03-01,49.01,42.52,61.99
2018-03-02,65.99,50.34,97.29
2018-03-05,77.32,59.32,113.32
2018-03-06,84.87,67.83,118.95
2018-03-07,89.91,75.18,119.37
2018-03-08,93.27,81.2,117.41
2018-03-16,95.51,85.97,114.59
2018-03-19,97.01,89.65,111.73
2018-03-20,98.01,92.43,109.17
2018-03-21,96.81,93.89,102.65
2018-03-22,93.16,93.65,92.18
2018-03-23,95.44,94.25,97.82
2018-03-26,93.38,93.96,92.22
2018-03-27,95.58,94.5,97.74
2018-04-04,97.05,95.35,100.45
2018-04-09,98.03,96.24,101.61
2018-04-10,86.64,93.04,73.84
2018-04-11,80.62,88.9,64.06
2018-04-12,73.2,83.67,52.26
2018-04-13,62.77,76.71,34.89
2018-04-16,56.05,69.83,28.49
2018-04-17,44.24,61.31,10.1
2018-04-18,35.25,52.63,0.49
2018-04-19,24.72,43.34,-12.52
2018-04-20,16.74,34.48,-18.74
2018-04-23,13.71,27.56,-13.99
2018-04-24,21.07,25.4,12.41
2018-04-25,24.02,24.94,22.18
2018-04-26,18.57,22.82,10.07
2018-04-27,14.34,20.0,3.02
2018-05-02,20.96,20.32,22.24
2018-05-03,27.02,22.55,35.96
2018-05-04,24.7,23.27,27.56
2018-05-07,36.47,27.67,54.07
2018-05-08,39.3,31.54,54.82
2018-05-09,40.44,34.5,52.32
2018-05-10,40.41,36.47,48.29
2018-05-11,39.96,37.63,44.62
2018-05-14,38.09,37.78,38.71
2018-05-15,39.27,38.28,41.25
2018-05-16,36.58,37.71,34.32
2018-05-17,34.16,36.53,29.42
2018-05-18,34.78,35.95,32.44
2018-05-21,56.5,42.79,83.92
2018-05-22,56.87,47.48,75.65
2018-05-23,57.62,50.86,71.14
2018-05-24,51.08,50.93,51.38
2018-05-25,34.99,45.62,13.73
2018-05-28,24.78,38.68,-3.02
2018-05-29,21.44,32.94,-1.56
2018-05-30,14.3,26.73,-10.56
2018-05-31,11.96,21.81,-7.74
2018-06-01,9.78,17.8,-6.26
2018-06-04,8.44,14.68,-4.04
2018-06-05,11.85,13.74,8.07
2018-06-06,13.0,13.49,12.02
2018-06-07,9.31,12.1,3.73
2018-06-08,8.58,10.93,3.88
2018-06-11,6.53,9.46,0.67
2018-06-12,13.33,10.75,18.49
2018-06-13,9.86,10.45,8.68
2018-06-14,30.49,17.12,57.23
2018-06-15,28.27,20.83,43.15
2018-06-19,20.34,20.67,19.68
2018-06-20,19.18,20.17,17.2
2018-06-21,14.42,18.26,6.74
2018-06-22,14.7,17.07,9.96
2018-06-25,17.34,17.16,17.7
2018-06-26,24.24,19.52,33.68
2018-06-27,30.24,23.09,44.54
2018-06-28,27.27,24.48,32.85
2018-06-29,42.87,30.6,67.41
2018-07-02,45.9,35.69,66.32
2018-07-03,55.56,42.31,82.06
2018-07-04,43.23,42.62,44.45
2018-07-05,30.17,38.47,13.57
2018-07-06,28.33,35.09,14.81
2018-07-09,31.26,33.81,26.16
2018-07-10,37.95,35.19,43.47
2018-07-11,36.57,35.65,38.41
2018-07-12,48.25,39.85,65.05
2018-07-13,52.57,44.09,69.53
2018-07-16,58.29,48.82,77.23
2018-07-17,57.03,51.55,67.99
2018-07-18,47.04,50.05,41.02
2018-07-19,33.27,44.46,10.89
2018-07-20,27.42,38.79,4.68
2018-07-23,23.64,33.75,3.42
2018-07-24,26.95,31.49,17.87
2018-07-25,21.42,28.14,7.98
2018-07-26,15.58,23.96,-1.18
2018-07-27,11.62,19.85,-4.84
2018-07-30,10.14,16.62,-2.82
2018-07-31,10.41,14.55,2.13
2018-08-01,7.15,12.09,-2.73
2018-08-02,15.05,13.08,18.99
2018-08-03,13.67,13.28,14.45
2018-08-06,10.01,12.19,5.65
2018-08-07,14.78,13.05,18.24
2018-08-08,12.13,12.74,10.91
2018-08-09,35.14,20.2,65.02
2018-08-10,49.14,29.84,87.74
2018-08-13,59.39,39.68,98.81
2018-08-14,63.19,47.51,94.55
2018-08-15,56.62,50.54,68.78
2018-08-16,45.59,48.89,38.99
2018-08-17,32.97,43.59,11.73
2018-08-20,32.25,39.81,17.13
2018-08-21,39.11,39.58,38.17
2018-08-22,33.75,37.64,25.97
2018-08-23,40.79,38.69,44.99
2018-08-24,44.3,40.56,51.78
2018-08-27,51.88,44.33,66.98
2018-08-28,53.33,47.33,65.33
2018-08-29,51.17,48.61,56.29
2018-08-30,48.7,48.64,48.82
2018-08-31,34.13,43.81,14.77
2018-09-03,28.85,38.83,8.89
2018-09-04,27.13,34.93,11.53
2018-09-05,27.49,32.45,17.57
2018-09-06,29.33,31.41,25.17
2018-09-07,34.36,32.39,38.3
2018-09-10,45.43,36.73,62.83
2018-09-11,50.43,41.29,68.71
2018-09-12,58.3,46.95,81.0
2018-09-13,66.3,53.39,92.12
2018-09-14,46.01,50.93,36.17
2018-09-17,34.61,45.5,12.83
2018-09-18,31.63,40.88,13.13
2018-09-19,39.99,40.58,38.81
2018-09-20,40.64,40.6,40.72
2018-09-21,41.43,40.88,42.53
2018-09-25,41.68,41.15,42.74
2018-09-26,44.73,42.34,49.51
2018-09-27,49.48,44.72,59.0
2018-09-28,62.84,50.75,87.02
2018-10-08,63.32,54.94,80.08
2018-10-09,70.41,60.09,91.05
2018-10-10,74.08,64.75,92.74
2018-10-11,49.85,59.79,29.97
2018-10-12,39.38,52.99,12.16
2018-10-15,30.87,45.62,1.37
2018-10-16,26.79,39.35,1.67
2018-10-17,26.52,35.08,9.4
2018-10-18,23.22,31.13,7.4
2018-10-19,24.51,28.93,15.67
2018-10-22,30.91,29.59,33.55
2018-10-23,34.23,31.14,40.41
2018-10-24,38.75,33.67,48.91
2018-10-25,30.33,32.56,25.87
2018-10-26,25.21,30.11,15.41
2018-10-29,19.23,26.49,4.71
2018-10-30,22.73,25.24,17.71
2018-10-31,25.37,25.28,25.55
2018-11-01,30.23,26.93,36.83
2018-11-02,38.96,30.94,55.0
2018-11-05,49.3,37.05,73.8
2018-11-06,66.18,46.75,105.04
2018-11-07,68.5,53.99,97.52
2018-11-08,63.96,57.31,77.26
2018-11-09,58.66,57.76,60.46
2018-11-12,56.1,57.21,53.88
2018-11-13,52.64,55.69,46.54
2018-11-14,52.89,54.76,49.15
2018-11-15,62.83,57.45,73.59
2018-11-16,66.91,60.6,79.53
2018-11-19,64.86,62.02,70.54
2018-11-20,64.29,62.78,67.31
2018-11-21,60.02,61.86,56.34
2018-11-22,59.09,60.94,55.39
2018-11-23,47.82,56.57,30.32
2018-11-26,33.69,48.95,3.17
2018-11-27,24.12,40.68,-9.0
2018-11-28,20.36,33.91,-6.74
2018-11-29,14.36,27.4,-11.72
2018-11-30,14.63,23.15,-2.41
2018-12-03,19.82,22.04,15.38
2018-12-04,24.63,22.9,28.09
2018-12-05,27.0,24.27,32.46
2018-12-06,28.58,25.71,34.32
2018-12-07,31.78,27.73,39.88
2018-12-10,30.51,28.66,34.21
2018-12-11,32.43,29.92,37.45
2018-12-12,34.95,31.59,41.67
2018-12-13,36.09,33.09,42.09
2018-12-14,24.23,30.14,12.41
2018-12-17,26.98,29.09,22.76
2018-12-18,28.85,29.01,28.53
2018-12-19,29.01,29.01,29.01
2018-12-20,37.05,31.69,47.77
2018-12-21,53.48,38.95,82.54
2018-12-24,65.21,47.69,100.25
2018-12-25,63.63,53.0,84.89
2018-12-26,55.73,53.91,59.37
2018-12-27,38.52,48.79,17.98
2018-12-28,25.96,41.19,-4.5
2019-01-02,17.43,33.28,-14.27
2019-01-03,11.88,26.15,-16.66
2019-01-04,13.79,22.03,-2.69
2019-01-07,16.92,20.33,10.1
2019-01-08,19.66,20.11,18.76
2019-01-09,21.33,20.52,22.95
2019-01-10,20.53,20.52,20.55
2019-01-11,13.69,18.25,4.57
2019-01-14,9.5,15.34,-2.18
2019-01-15,8.64,13.11,-0.3
2019-01-16,9.3,11.84,4.22
2019-01-17,6.36,10.02,-0.96
2019-01-18,6.73,8.92,2.35
2019-01-21,7.8,8.55,6.3
2019-01-22,10.05,9.05,12.05
2019-01-23,17.73,11.94,29.31
2019-01-24,37.75,20.53,72.19
2019-01-25,38.23,26.42,61.85
2019-01-28,31.75,28.19,38.87
2019-01-29,22.59,26.33,15.11
2019-01-30,35.08,29.24,46.76
2019-01-31,23.96,27.48,16.92
2019-02-01,25.99,26.98,24.01
2019-02-11,38.07,30.67,52.87
2019-02-12,50.37,37.23,76.65
2019-02-13,65.74,46.72,103.78
2019-02-14,75.17,56.19,113.13
2019-02-15,79.43,63.93,110.43
2019-02-18,79.48,69.11,100.22
2019-02-19,82.03,73.41,99.27
2019-02-20,86.95,77.92,105.01
2019-02-21,91.3,82.38,109.14
2019-02-22,94.2,86.32,109.96
2019-02-25,90.3,87.65,95.6
2019-02-26,84.83,86.71,81.07
2019-02-27,73.9,82.44,56.82
2019-02-28,68.19,77.69,49.19
2019-03-01,68.28,74.56,55.72
2019-03-04,69.67,72.93,63.15
2019-03-05,70.33,72.06,66.87
2019-03-06,70.91,71.68,69.37
2019-03-07,76.95,73.43,83.99
2019-03-08,74.78,73.88,76.58
2019-03-11,73.56,73.77,73.14
2019-03-12,72.14,73.23,69.96
2019-03-13,69.13,71.86,63.67
2019-03-14,53.78,65.84,29.66
2019-03-15,40.73,57.48,7.23
2019-03-18,32.31,49.1,-1.27
2019-03-19,29.31,42.51,2.91
2019-03-20,22.51,35.85,-4.17
2019-03-21,19.19,30.3,-3.03
2019-03-22,18.23,26.28,2.13
2019-03-25,15.31,22.63,0.67
2019-03-26,14.58,19.95,3.84
2019-03-27,18.23,19.38,15.93
2019-03-28,12.2,16.99,2.62
2019-03-29,21.65,18.54,27.87
2019-04-01,41.52,26.19,72.18
2019-04-02,58.69,37.01,102.05
2019-04-03,65.37,46.45,103.21
2019-04-04,61.26,51.38,81.02
2019-04-08,54.92,52.56,59.64
2019-04-09,53.43,52.85,54.59
2019-04-10,45.57,50.43,35.85
2019-04-11,37.53,46.13,20.33
2019-04-12,27.25,39.84,2.07
2019-04-15,18.47,32.72,-10.03
2019-04-16,21.58,29.01,6.72
2019-04-17,22.48,26.84,13.76
2019-04-18,22.46,25.38,16.62
2019-04-19,18.91,23.23,10.27
2019-04-22,13.59,20.02,0.73
2019-04-23,11.29,17.11,-0.35
2019-04-24,21.55,18.59,27.47
2019-04-25,19.14,18.77,19.88
2019-04-26,15.38,17.64,10.86
2019-04-29,15.15,16.81,11.83
2019-04-30,15.46,16.36,13.66
2019-05-06,12.78,15.17,8.0
2019-05-07,11.4,13.91,6.38
2019-05-08,13.56,13.79,13.1
2019-05-09,13.81,13.8,13.83
2019-05-10,18.42,15.34,24.58
2019-05-13,18.71,16.46,23.21
2019-05-14,18.98,17.3,22.34
2019-05-15,28.06,20.88,42.42
2019-05-16,32.24,24.66,47.4
2019-05-17,26.72,25.35,29.46
2019-05-20,31.43,27.37,39.55
2019-05-21,44.49,33.07,67.33
2019-05-22,62.97,43.03,102.85
2019-05-23,62.82,49.62,89.22
2019-05-24,54.78,51.34,61.66
2019-05-27,53.7,52.13,56.84
2019-05-28,53.44,52.57,55.18
2019-05-29,53.4,52.85,54.5
2019-05-30,56.44,54.05,61.22
2019-05-31,56.63,54.91,60.07
2019-06-03,48.15,52.66,39.13
2019-06-04,44.56,49.96,33.76
2019-06-05,45.91,48.61,40.51
2019-06-06,38.74,45.32,25.58
2019-06-10,29.36,40.01,8.06
2019-06-11,34.56,38.2,27.28
2019-06-12,36.1,37.5,33.3
2019-06-13,40.26,38.42,43.94
2019-06-14,33.57,36.8,27.11
2019-06-17,28.97,34.19,18.53
2019-06-18,26.72,31.7,16.76
2019-06-19,30.26,31.22,28.34
2019-06-20,49.64,37.35,74.22
2019-06-21,60.06,44.91,90.36
2019-06-24,64.71,51.5,91.13
2019-06-25,56.33,53.11,62.77
2019-06-26,45.46,50.56,35.26
2019-06-27,42.34,47.82,31.38
2019-06-28,32.44,42.7,11.92
2019-07-01,40.42,41.94,37.38
2019-07-02,42.34,42.07,42.88
2019-07-03,37.56,40.57,31.54
2019-07-04,34.61,38.59,26.65
2019-07-05,34.58,37.25,29.24
2019-07-08,23.84,32.78,5.96
2019-07-09,19.29,28.29,1.29
2019-07-10,20.1,25.56,9.18
2019-07-11,20.05,23.73,12.69
2019-07-12,17.81,21.76,9.91
2019-07-15,34.97,26.16,52.59
2019-07-16,51.49,34.59,85.29
2019-07-17,63.85,44.33,102.89
2019-07-18,54.67,47.77,68.47
2019-07-19,59.59,51.71,75.35
2019-07-22,51.18,51.53,50.48
2019-07-23,44.84,49.3,35.92
2019-07-24,50.14,49.58,51.26
2019-07-25,62.67,53.94,80.13
2019-07-26,70.17,59.34,91.83
2019-07-29,74.62,64.43,95.0
2019-07-30,71.62,66.82,81.22
2019-07-31,69.08,67.57,72.1
2019-08-01,67.92,67.69,68.38
2019-08-02,70.08,68.49,73.26
2019-08-05,64.05,67.01,58.13
2019-08-06,46.52,60.19,19.18
2019-08-07,32.2,50.87,-5.14
2019-08-08,26.61,42.79,-5.75
2019-08-09,19.03,34.88,-12.67
2019-08-12,24.64,31.47,10.98
2019-08-13,28.71,30.55,25.03
2019-08-14,42.84,34.64,59.24
2019-08-15,57.05,42.1,86.95
2019-08-16,63.19,49.12,91.33
2019-08-19,72.97,57.06,104.79
2019-08-20,76.74,63.61,103.0
2019-08-21,83.05,70.08,108.99
2019-08-22,81.62,73.92,97.02
2019-08-23,77.3,75.05,81.8
2019-08-26,71.58,73.89,66.96
2019-08-27,69.28,72.35,63.14
2019-08-28,66.83,70.51,59.47
2019-08-29,70.92,70.65,71.46
2019-08-30,55.44,65.59,35.14
2019-09-02,55.95,62.38,43.09
2019-09-03,53.18,59.32,40.9
2019-09-04,68.77,62.47,81.37
2019-09-05,70.49,65.14,81.19
2019-09-06,67.18,65.82,69.9
2019-09-09,76.23,69.29,90.11
2019-09-10,78.24,72.27,90.18
2019-09-11,80.11,74.88,90.57
2019-09-12,80.53,76.76,88.07
2019-09-16,78.85,77.46,81.63
2019-09-17,66.91,73.95,52.83
2019-09-18,48.17,65.37,13.77
2019-09-19,41.43,57.4,9.49
2019-09-20,60.93,58.58,65.63
2019-09-23,73.94,63.69,94.44
2019-09-24,72.68,66.68,84.68
2019-09-25,74.92,69.42,85.92
2019-09-26,70.59,69.81,72.15
2019-09-27,75.22,71.61,82.44
2019-09-30,74.69,72.64,78.79
2019-10-08,69.2,71.49,64.62
2019-10-09,59.21,67.4,42.83
2019-10-10,46.52,60.45,18.66
2019-10-11,61.37,60.76,62.59
2019-10-14,67.38,62.96,76.22
2019-10-15,72.67,66.19,85.63
2019-10-16,76.58,69.65,90.44
2019-10-17,78.82,72.7,91.06
2019-10-18,74.14,73.18,76.06
2019-10-21,68.92,71.76,63.24
2019-10-22,68.6,70.71,64.38
2019-10-23,62.13,67.85,50.69
2019-10-24,43.81,59.84,11.75
2019-10-25,35.66,51.79,3.4
2019-10-28,35.8,46.47,14.46
2019-10-29,30.92,41.29,10.18
2019-10-30,29.18,37.26,13.02
2019-10-31,19.46,31.33,-4.28
2019-11-01,18.07,26.91,0.39
2019-11-04,20.97,24.93,13.05
2019-11-05,16.28,22.05,4.74
2019-11-06,11.66,18.59,-2.2
2019-11-07,9.77,15.65,-1.99
2019-11-08,11.38,14.23,5.68
2019-11-11,37.16,21.87,67.74
2019-11-12,25.37,23.04,30.03
2019-11-13,23.0,23.03,22.94
2019-11-14,19.53,21.86,14.87
2019-11-15,25.49,23.07,30.33
2019-11-18,24.18,23.44,25.66
2019-11-19,27.33,24.74,32.51
2019-11-20,37.76,29.08,55.12
2019-11-21,46.76,34.97,70.34
2019-11-22,32.23,34.06,28.57
2019-11-25,22.22,30.12,6.42
2019-11-26,15.52,25.26,-3.96
2019-11-27,12.82,21.12,-3.78
2019-11-28,11.04,17.76,-2.4
2019-11-29,9.89,15.14,-0.61
2019-12-02,12.48,14.25,8.94
2019-12-03,15.14,14.55,16.32
2019-12-04,14.57,14.56,14.59
2019-12-05,26.15,18.42,41.61
2019-12-06,47.62,28.14,86.58
2019-12-09,61.63,39.29,106.31
2019-12-10,70.75,49.77,112.71
2019-12-11,69.57,56.36,95.99
2019-12-12,63.88,58.86,73.92
2019-12-13,63.35,60.36,69.33
2019-12-16,74.48,65.06,93.32
2019-12-17,80.76,70.29,101.7
2019-12-18,83.85,74.81,101.93
2019-12-19,85.97,78.53,100.85
2019-12-20,77.33,78.13,75.73
2019-12-23,62.0,72.76,40.48
2019-12-24,52.62,66.05,25.76
2019-12-25,47.16,59.76,21.96
2019-12-26,35.83,51.79,3.91
2019-12-27,23.97,42.53,-13.15
2019-12-30,24.53,36.54,0.51
2019-12-31,24.91,32.67,9.39
2020-01-02,35.4,33.58,39.04
2020-01-03,47.69,38.28,66.51
2020-01-06,54.94,43.83,77.16
2020-01-07,69.94,52.52,104.78
2020-01-08,74.57,59.86,103.99
2020-01-09,79.91,66.54,106.65
2020-01-10,80.03,71.03,98.03
2020-01-13,84.18,75.41,101.72
2020-01-14,83.05,77.95,93.25
2020-01-15,80.2,78.7,83.2
2020-01-16,76.12,77.84,72.68
2020-01-17,73.49,76.39,67.69
2020-01-20,67.52,73.44,55.68
2020-01-21,57.34,68.08,35.86
2020-01-22,58.7,64.96,46.18
2020-01-23,42.45,57.46,12.43
2020-02-03,28.31,47.75,-10.57
2020-02-04,24.45,39.99,-6.63
2020-02-05,23.0,34.33,0.34
2020-02-06,24.8,31.16,12.08
2020-02-07,30.08,30.8,28.64
2020-02-10,32.29,31.3,34.27
2020-02-11,31.27,31.29,31.23
2020-02-12,34.63,32.4,39.09
2020-02-13,52.33,39.04,78.91
2020-02-14,59.73,45.93,87.33
2020-02-17,72.88,54.9,108.84
2020-02-18,80.91,63.56,115.61
2020-02-19,87.27,71.46,118.89
2020-02-20,89.05,77.32,112.51
2020-02-21,92.7,82.44,113.22
2020-02-24,95.13,86.67,112.05
2020-02-25,89.25,87.53,92.69
2020-02-26,77.61,84.23,64.37
2020-02-27,71.91,80.13,55.47
2020-02-28,63.38,74.55,41.04
2020-03-02,60.84,69.98,42.56
2020-03-03,53.94,64.64,32.54
2020-03-04,40.92,56.74,9.28
2020-03-05,32.31,48.6,-0.27
2020-03-06,26.59,41.27,-2.77
2020-03-09,19.86,34.14,-8.7
2020-03-10,22.18,30.16,6.22
2020-03-11,16.18,25.5,-2.46
2020-03-12,11.64,20.88,-6.84
2020-03-13,14.45,18.74,5.87
2020-03-16,12.97,16.82,5.27
2020-03-17,11.91,15.18,5.37
2020-03-18,22.45,17.6,32.15
2020-03-19,38.27,24.48,65.85
2020-03-20,45.86,31.6,74.38
2020-03-23,41.44,34.88,54.56
2020-03-24,55.88,41.87,83.9
2020-03-25,65.28,49.67,96.5
2020-03-26,69.74,56.35,96.52
2020-03-27,70.65,61.11,89.73
2020-03-30,58.06,60.09,54.0
2020-03-31,46.86,55.68,29.22
2020-04-01,34.72,48.7,6.76
2020-04-02,35.44,44.28,17.76
2020-04-03,24.93,37.84,-0.89
2020-04-07,23.18,32.96,3.62
2020-04-08,18.4,28.11,-1.02
2020-04-09,27.8,28.01,27.38
2020-04-10,48.37,34.79,75.53
2020-04-13,55.04,41.53,82.06
2020-04-14,63.63,48.89,93.11
2020-04-15,69.36,55.71,96.66
2020-04-16,78.13,63.18,108.03
2020-04-17,73.42,66.59,87.08
2020-04-20,71.22,68.13,77.4
2020-04-21,72.94,69.73,79.36
2020-04-22,69.88,69.78,70.08
2020-04-23,65.09,68.22,58.83
2020-04-24,49.15,61.87,23.71
2020-04-27,38.28,54.01,6.82
2020-04-28,32.93,46.99,4.81
2020-04-29,31.75,41.92,11.41
2020-04-30,45.52,43.12,50.32
2020-05-06,60.95,49.06,84.73
2020-05-07,70.22,56.11,98.44
2020-05-08,75.95,62.72,102.41
2020-05-11,79.63,68.35,102.19
2020-05-12,81.19,72.63,98.31
2020-05-13,82.93,76.06,96.67
2020-05-14,81.43,77.85,88.59
2020-05-15,82.32,79.34,88.28
2020-05-18,77.88,78.85,75.94
2020-05-19,85.25,80.98,93.79
2020-05-20,76.9,79.62,71.46
2020-05-21,59.28,72.85,32.14
2020-05-22,39.7,61.81,-4.52
2020-05-25,27.91,50.52,-17.31
2020-05-26,21.51,40.86,-17.19
2020-05-27,15.98,32.57,-17.2
2020-05-28,13.28,26.15,-12.46
2020-05-29,12.38,21.56,-5.98
2020-06-01,13.47,18.87,2.67
2020-06-02,14.86,17.53,9.52
2020-06-03,37.95,24.33,65.19
2020-06-04,55.9,34.84,98.02
2020-06-05,66.15,45.27,107.91
2020-06-08,63.8,51.44,88.52
2020-06-09,60.23,54.37,71.95
2020-06-10,61.22,56.65,70.36
2020-06-11,62.43,58.57,70.15
2020-06-12,59.34,58.83,60.36
2020-06-15,59.44,59.03,60.26
2020-06-16,57.56,58.54,55.6
2020-06-17,52.14,56.41,43.6
2020-06-18,68.08,60.3,83.64
2020-06-19,75.94,65.51,96.8
2020-06-22,80.97,70.66,101.59
2020-06-23,87.31,76.2,109.53
2020-06-24,89.91,80.77,108.19
2020-06-29,86.43,82.65,93.99
2020-06-30,87.83,84.37,94.75
2020-07-01,89.69,86.14,96.79
2020-07-02,84.41,85.56,82.11
2020-07-03,82.32,84.48,78.0
2020-07-06,77.4,82.12,67.96
2020-07-07,76.53,80.26,69.07
2020-07-08,75.66,78.73,69.52
2020-07-09,76.94,78.13,74.56
2020-07-10,63.99,73.42,45.13
2020-07-13,62.29,69.71,47.45
2020-07-14,49.5,62.98,22.54
2020-07-15,43.3,56.43,17.04
2020-07-16,28.88,47.26,-7.88
2020-07-17,20.61,38.39,-14.95
2020-07-20,17.27,31.36,-10.91
2020-07-21,15.1,25.95,-6.6
2020-07-22,15.15,22.35,0.75
2020-07-23,14.97,19.89,5.13
2020-07-24,10.21,16.67,-2.71
2020-07-27,8.3,13.88,-2.86
2020-07-28,7.2,11.66,-1.72
2020-07-29,14.2,12.51,17.58
2020-07-30,10.97,12.0,8.91
2020-07-31,19.22,14.4,28.86
2020-08-03,28.67,19.15,47.71
2020-08-04,22.32,20.21,26.54
2020-08-05,37.07,25.82,59.57
2020-08-06,40.0,30.54,58.92
2020-08-07,33.68,31.59,37.86
2020-08-10,30.27,31.15,28.51
2020-08-11,20.28,27.53,5.78
2020-08-12,16.77,23.95,2.41
2020-08-13,15.51,21.14,4.25
2020-08-14,16.79,19.69,10.99
2020-08-17,28.73,22.7,40.79
2020-08-18,52.46,32.61,92.16
2020-08-19,56.21,40.47,87.69
2020-08-20,60.8,47.24,87.92
2020-08-21,62.32,52.26,82.44
2020-08-24,62.87,55.79,77.03
2020-08-25,67.33,59.63,82.73
2020-08-26,67.27,62.17,77.47
2020-08-27,76.03,66.79,94.51
2020-08-28,78.02,70.53,93.0
2020-08-31,80.36,73.8,93.48
2020-09-01,80.71,76.1,89.93
2020-09-02,83.3,78.5,92.9
2020-09-03,82.17,79.72,87.07
2020-09-04,78.59,79.34,77.09
2020-09-07,58.44,72.38,30.56
2020-09-08,40.28,61.69,-2.54
2020-09-09,27.88,50.43,-17.22
2020-09-10,18.99,39.96,-22.95
2020-09-11,20.0,33.31,-6.62
2020-09-14,24.15,30.26,11.93
2020-09-15,28.8,29.77,26.86
2020-09-16,30.62,30.05,31.76
2020-09-17,30.77,30.29,31.73
2020-09-18,40.58,33.72,54.3
2020-09-21,56.49,41.3,86.87
2020-09-22,58.44,47.01,81.3
2020-09-23,69.36,54.45,99.18
2020-09-24,49.18,52.7,42.14
2020-09-25,41.79,49.07,27.23
2020-09-28,30.57,42.91,5.89
2020-09-29,27.09,37.64,5.99
2020-09-30,30.12,35.14,20.08
2020-10-09,43.19,37.82,53.93
2020-10-12,62.11,45.91,94.51
2020-10-13,72.86,54.88,108.82
2020-10-14,80.09,63.27,113.73
2020-10-15,80.47,69.0,103.41
2020-10-16,79.5,72.5,93.5
2020-10-19,70.56,71.85,67.98
2020-10-20,66.29,70.0,58.87
2020-10-21,46.02,62.01,14.04
2020-10-22,35.78,53.28,0.78
2020-10-23,24.18,43.59,-14.64
2020-10-26,21.66,36.29,-7.6
2020-10-27,16.76,29.79,-9.3
2020-10-28,16.36,25.32,-1.56
2020-10-29,16.24,22.3,4.12
2020-10-30,16.63,20.41,9.07
2020-11-02,28.92,23.24,40.28
2020-11-03,46.91,31.12,78.49
2020-11-04,47.01,36.41,68.21
2020-11-05,51.24,41.35,71.02
2020-11-06,50.26,44.32,62.14
2020-11-09,56.88,48.5,73.64
2020-11-10,51.68,49.56,55.92
2020-11-11,34.99,44.71,15.55
2020-11-12,27.7,39.05,5.0
2020-11-13,23.21,33.78,2.07
2020-11-16,20.07,29.21,1.79
2020-11-17,17.47,25.3,1.81
2020-11-18,15.7,22.1,2.9
2020-11-19,17.0,20.4,10.2
2020-11-20,18.87,19.89,16.83
2020-11-23,28.64,22.8,40.32
2020-11-24,39.03,28.2,60.69
2020-11-25,47.38,34.59,72.96
2020-11-26,36.47,35.22,38.97
2020-11-27,34.01,34.82,32.39
2020-11-30,27.23,32.29,17.11
2020-12-01,31.03,31.87,29.35
2020-12-02,41.21,34.98,53.67
2020-12-03,49.28,39.74,68.36
2020-12-04,57.38,45.61,80.92
2020-12-07,64.08,51.76,88.72
2020-12-08,65.8,56.44,84.52
2020-12-09,59.41,57.43,63.37
2020-12-10,57.76,57.54,58.2
2020-12-11,66.42,60.5,78.26
2020-12-14,71.39,64.13,85.91
2020-12-15,68.94,65.73,75.36
2020-12-16,69.13,66.86,73.67
2020-12-17,64.7,66.14,61.82
2020-12-18,54.54,62.28,39.06
2020-12-21,51.36,58.64,36.8
2020-12-22,35.86,51.05,5.48
2020-12-23,28.31,43.48,-2.03
2020-12-24,19.37,35.45,-12.79
2020-12-25,15.96,28.96,-10.04
2020-12-28,12.03,23.32,-10.55
2020-12-29,16.54,21.06,7.5
2020-12-30,25.18,22.43,30.68
2020-12-31,34.48,26.44,50.56
2021-01-04,41.42,31.43,61.4
2021-01-05,55.61,39.48,87.87
2021-01-06,59.01,45.98,85.07
2021-01-07,53.76,48.57,64.14
2021-01-08,51.41,49.52,55.19
2021-01-11,46.15,48.4,41.65
2021-01-12,37.51,44.77,22.99
2021-01-13,27.83,39.13,5.23
2021-01-14,32.4,36.89,23.42
2021-01-15,37.71,37.16,38.81
2021-01-18,45.49,39.93,56.61
2021-01-19,56.07,45.3,77.61
2021-01-20,61.93,50.84,84.11
2021-01-21,65.53,55.73,85.13
2021-01-22,66.33,59.26,80.47
2021-01-25,60.65,59.72,62.51
2021-01-26,61.11,60.18,62.97
2021-01-27,50.88,57.08,38.48
2021-01-28,42.39,52.19,22.79
2021-01-29,35.13,46.51,12.37
2021-02-01,28.13,40.39,3.61
2021-02-02,25.38,35.39,5.36
2021-02-03,17.76,29.52,-5.76
2021-02-04,13.58,24.21,-7.68
2021-02-05,9.06,19.17,-11.16
2021-02-08,6.4,14.92,-10.64
2021-02-09,9.09,12.98,1.31
2021-02-10,17.3,14.42,23.06
2021-02-18,26.81,18.55,43.33
2021-02-19,35.91,24.33,59.07
2021-02-22,41.0,29.88,63.24
2021-02-23,41.22,33.66,56.34
2021-02-24,42.48,36.6,54.24
2021-02-25,35.06,36.09,33.0
2021-02-26,26.25,32.81,13.13
2021-03-01,30.62,32.08,27.7
2021-03-02,28.09,30.75,22.77
2021-03-03,30.33,30.61,29.77
2021-03-04,21.46,27.56,9.26
2021-03-05,24.18,26.43,19.68
2021-03-08,23.47,25.44,19.53
2021-03-09,18.42,23.1,9.06
2021-03-10,12.55,19.59,-1.53
2021-03-11,13.59,17.59,5.59
2021-03-12,11.0,15.4,2.2
2021-03-15,12.3,14.37,8.16
2021-03-16,15.52,14.75,17.06
2021-03-17,18.3,15.93,23.04
2021-03-18,19.35,17.07,23.91
2021-03-19,22.43,18.85,29.59
2021-03-22,32.89,23.53,51.61
2021-03-23,42.56,29.87,67.94
2021-03-24,42.5,34.08,59.34
2021-03-25,51.79,39.98,75.41
2021-03-26,59.98,46.64,86.66
2021-03-29,62.4,51.89,83.42
2021-03-30,54.04,52.61,56.9
2021-03-31,49.27,51.5,44.81
2021-04-01,52.93,51.98,54.83
2021-04-02,55.23,53.06,59.57
2021-04-06,68.27,58.12,88.57
2021-04-07,67.33,61.19,79.61
2021-04-08,67.38,63.25,75.64
2021-04-09,58.58,61.69,52.36
2021-04-12,57.28,60.22,51.4
2021-04-13,46.81,55.75,28.93
2021-04-14,39.55,50.36,17.93
2021-04-15,28.61,43.12,-0.41
2021-04-16,25.0,37.09,0.82
2021-04-19,29.47,34.55,19.31
2021-04-20,35.67,34.92,37.17
2021-04-21,42.29,37.37,52.13
2021-04-22,46.29,40.34,58.19
2021-04-23,54.08,44.92,72.4
2021-04-26,52.8,47.54,63.32
2021-04-27,44.41,46.5,40.23
2021-04-28,33.24,42.08,15.56
2021-04-29,24.12,36.1,0.16
2021-04-30,23.51,31.91,6.71
2021-05-06,15.68,26.51,-5.98
2021-05-07,10.95,21.33,-9.81
2021-05-10,8.01,16.89,-9.75
2021-05-11,12.81,15.53,7.37
2021-05-12,33.16,21.4,56.68
2021-05-13,51.93,31.57,92.65
2021-05-14,62.96,42.02,104.84
2021-05-17,72.04,52.02,112.08
2021-05-18,79.54,61.18,116.26
2021-05-19,83.02,68.45,112.16
2021-05-20,83.1,73.33,102.64
2021-05-21,81.89,76.18,93.31
2021-05-24,85.73,79.36,98.47
2021-05-25,87.77,82.16,98.99
2021-05-26,82.73,82.35,83.49
2021-05-27,75.72,80.14,66.88
2021-05-28,74.57,78.29,67.13
2021-05-31,72.01,76.2,63.63
2021-06-01,78.93,77.11,82.57
2021-06-02,75.09,76.44,72.39
2021-06-03,75.31,76.06,73.81
2021-06-04,64.29,72.14,48.59
2021-06-07,72.89,72.39,73.89
2021-06-08,71.78,72.19,70.96
2021-06-09,71.16,71.85,69.78
2021-06-10,80.76,74.82,92.64
2021-06-11,78.32,75.99,82.98
2021-06-15,66.6,72.86,54.08
2021-06-16,57.35,67.7,36.65
2021-06-17,54.66,63.36,37.26
2021-06-18,51.29,59.34,35.19
2021-06-21,47.07,55.25,30.71
2021-06-22,38.04,49.52,15.08
2021-06-23,29.1,42.72,1.86
2021-06-24,21.87,35.78,-5.95
2021-06-25,14.74,28.77,-13.32
2021-06-28,13.17,23.58,-7.65
2021-06-29,9.71,18.96,-8.79
2021-06-30,9.02,15.65,-4.24
2021-07-01,7.09,12.8,-4.33
2021-07-02,6.29,10.63,-2.39
2021-07-05,9.32,10.19,7.58
2021-07-06,21.28,13.88,36.08
2021-07-07,23.13,16.96,35.47
2021-07-08,23.04,18.98,31.16
2021-07-09,21.18,19.71,24.12
2021-07-12,34.25,24.55,53.65
2021-07-13,41.23,30.1,63.49
2021-07-14,46.48,35.55,68.34
2021-07-15,45.78,38.96,59.42
2021-07-16,31.91,36.61,22.51
2021-07-19,26.3,33.18,12.54
2021-07-20,26.14,30.84,16.74
2021-07-21,30.27,30.65,29.51
2021-07-22,29.92,30.41,28.94
2021-07-23,22.27,27.7,11.41
2021-07-26,21.82,25.74,13.98
2021-07-27,24.29,25.26,22.35
2021-07-28,22.26,24.26,18.26
2021-07-29,27.69,25.4,32.27
2021-07-30,33.28,28.02,43.8
2021-08-02,40.46,32.16,57.06
2021-08-03,45.17,36.49,62.53
2021-08-04,48.73,40.57,65.05
2021-08-05,48.26,43.13,58.52
2021-08-06,40.81,42.36,37.71
2021-08-09,38.64,41.12,33.68
2021-08-10,31.6,37.95,18.9
2021-08-11,23.55,33.15,4.35
2021-08-12,15.99,27.44,-6.91
2021-08-13,10.89,21.93,-11.19
2021-08-16,10.28,18.05,-5.26
2021-08-17,8.26,14.79,-4.8
2021-08-18,9.76,13.12,3.04
2021-08-19,12.2,12.81,10.98
2021-08-20,12.58,12.73,12.28
2021-08-23,14.79,13.42,17.53
2021-08-24,15.43,14.09,18.11
2021-08-25,13.99,14.06,13.85
2021-08-26,12.54,13.55,10.52
2021-08-27,16.33,14.48,20.03
2021-08-30,34.07,21.0,60.21
2021-08-31,44.67,28.88,76.25
2021-09-01,49.23,35.66,76.37
2021-09-02,59.53,43.61,91.37
2021-09-03,67.41,51.54,99.15
2021-09-06,77.11,60.05,111.23
2021-09-07,77.84,65.97,101.58
2021-09-08,83.04,71.65,105.82
2021-09-09,74.02,72.44,77.18
2021-09-10,61.71,68.87,47.39
2021-09-13,58.74,65.5,45.22
2021-09-14,58.27,63.09,48.63
2021-09-15,53.27,59.82,40.17
2021-09-16,49.5,56.38,35.74
2021-09-17,36.85,49.88,10.79
2021-09-22,26.22,42.0,-5.34
2021-09-23,23.55,35.86,-1.07
2021-09-24,32.97,34.9,29.11
2021-09-27,35.11,34.97,35.39
2021-09-28,38.02,35.99,42.08
2021-09-29,32.89,34.96,28.75
2021-09-30,46.81,38.91,62.61
2021-10-08,55.37,44.39,77.33
2021-10-11,58.85,49.21,78.13
2021-10-12,44.98,47.8,39.34
2021-10-13,33.86,43.16,15.26
2021-10-14,25.02,37.12,0.82
2021-10-15,17.96,30.74,-7.6
2021-10-18,16.99,26.16,-1.35
2021-10-19,19.83,24.05,11.39
2021-10-20,20.48,22.86,15.72
2021-10-21,17.3,21.01,9.88
2021-10-22,19.38,20.47,17.2
2021-10-25,22.99,21.31,26.35
2021-10-26,17.18,19.93,11.68
2021-10-27,15.97,18.61,10.69
2021-10-28,11.46,16.23,1.92
2021-10-29,23.6,18.68,33.44
2021-11-01,36.42,24.59,60.08
2021-11-02,43.36,30.84,68.4
2021-11-03,56.53,39.39,90.81
2021-11-04,71.01,49.92,113.19
2021-11-05,76.47,58.76,111.89
2021-11-08,77.05,64.85,101.45
2021-11-09,74.95,68.21,88.43
2021-11-10,80.61,72.34,97.15
2021-11-11,81.54,75.4,93.82
2021-11-12,82.62,77.8,92.26
2021-11-15,87.76,81.12,101.04
2021-11-16,82.91,81.72,85.29
2021-11-17,74.17,79.21,64.09
2021-11-18,54.51,70.98,21.57
2021-11-19,42.69,61.56,4.95
2021-11-22,34.35,52.5,-1.95
2021-11-23,27.67,44.23,-5.45
2021-11-24,29.72,39.4,10.36
2021-11-25,25.15,34.65,6.15
2021-11-26,17.76,29.03,-4.78
2021-11-29,12.77,23.62,-8.93
2021-11-30,11.08,19.44,-5.64
2021-12-01,15.24,18.04,9.64
2021-12-02,10.28,15.46,-0.08
2021-12-03,7.56,12.83,-2.98
2021-12-06,5.26,10.31,-4.84
2021-12-07,5.73,8.78,-0.37
2021-12-08,15.99,11.18,25.61
2021-12-09,31.22,17.85,57.96
2021-12-10,36.55,24.08,61.49
2021-12-13,50.79,32.97,86.43
2021-12-14,54.69,40.2,83.67
2021-12-15,58.96,46.45,83.98
2021-12-16,65.98,52.95,92.04
2021-12-17,65.27,57.05,81.71
2021-12-20,58.32,57.47,60.02
2021-12-21,53.64,56.19,48.54
2021-12-22,53.66,55.35,50.28
2021-12-23,49.81,53.51,42.41
2021-12-24,45.46,50.83,34.72
2021-12-27,56.82,52.82,64.82
2021-12-28,62.9,56.18,76.34
2021-12-29,63.56,58.64,73.4
2021-12-30,72.25,63.17,90.41
2021-12-31,70.93,65.75,81.29
2022-01-04,73.72,68.4,84.36
2022-01-05,69.87,68.89,71.83
2022-01-06,70.7,69.49,73.12
2022-01-07,57.09,65.36,40.55
2022-01-10,44.12,58.29,15.78
2022-01-11,32.09,49.57,-2.87
2022-01-12,22.39,40.52,-13.87
2022-01-13,15.8,32.29,-17.18
2022-01-14,13.22,25.94,-12.22
2022-01-17,17.67,23.19,6.63
2022-01-18,16.86,21.08,8.42
2022-01-19,21.07,21.08,21.05
2022-01-20,18.23,20.13,14.43
2022-01-21,12.93,17.73,3.33
2022-01-24,10.43,15.3,0.69
2022-01-25,7.14,12.58,-3.74
2022-01-26,7.18,10.78,-0.02
2022-01-27,4.79,8.79,-3.21
2022-01-28,3.19,6.93,-4.29
2022-02-07,3.67,5.84,-0.67
2022-02-08,5.13,5.6,4.19
2022-02-09,9.37,6.86,14.39
2022-02-10,11.19,8.3,16.97
2022-02-11,8.4,8.33,8.54
2022-02-14,8.86,8.51,9.56
2022-02-15,11.16,9.39,14.7
2022-02-16,18.79,12.52,31.33
2022-02-17,20.25,15.09,30.57
2022-02-18,25.63,18.6,39.69
2022-02-21,35.51,24.23,58.07
2022-02-22,28.27,25.58,33.65
2022-02-23,37.75,29.63,53.99
2022-02-24,34.98,31.41,42.12
2022-02-25,36.32,33.05,42.86
2022-02-28,40.0,35.36,49.28
2022-03-01,43.65,38.12,54.71
2022-03-02,44.97,40.4,54.11
2022-03-03,37.96,39.59,34.7
2022-03-04,36.79,38.66,33.05
2022-03-07,26.25,34.53,9.69
2022-03-08,19.46,29.51,-0.64
2022-03-09,22.87,27.3,14.01
2022-03-10,29.42,28.01,32.24
2022-03-11,37.3,31.1,49.7
2022-03-14,52.73,38.3,81.59
2022-03-15,51.39,42.66,68.85
2022-03-16,53.79,46.37,68.63
2022-03-17,56.31,49.68,69.57
2022-03-18,55.38,51.58,62.98
2022-03-21,56.76,53.3,63.68
2022-03-22,61.38,55.99,72.16
2022-03-23,62.25,58.07,70.61
2022-03-24,55.81,57.32,52.79
2022-03-25,56.63,57.09,55.71
2022-03-28,64.86,59.68,75.22
2022-03-29,71.12,63.49,86.38
2022-03-30,71.02,66.0,81.06
2022-03-31,63.75,65.25,60.75
2022-04-01,60.87,63.79,55.03
2022-04-06,50.08,59.22,31.8
2022-04-07,34.62,51.03,1.8
2022-04-08,26.54,42.87,-6.12
2022-04-11,18.87,34.88,-13.15
2022-04-12,15.49,28.42,-10.37
2022-04-13,10.83,22.56,-12.63
2022-04-14,9.14,18.09,-8.76
2022-04-15,7.3,14.5,-7.1
2022-04-18,9.99,13.0,3.97
2022-04-19,11.81,12.6,10.23
2022-04-20,10.38,11.86,7.42
2022-04-21,7.53,10.42,1.75
2022-04-22,6.18,9.01,0.52
2022-04-25,4.12,7.38,-2.4
2022-04-26,3.52,6.09,-1.62
2022-04-27,9.07,7.08,13.05
2022-04-28,11.22,8.46,16.74
2022-04-29,17.02,11.31,28.44
2022-05-05,24.28,15.63,41.58
2022-05-06,36.39,22.54,64.09
2022-05-09,43.43,29.5,71.29
2022-05-10,48.88,35.95,74.74
2022-05-11,52.42,41.43,74.4
2022-05-12,55.87,46.24,75.13
2022-05-13,55.61,49.36,68.11
2022-05-16,55.15,51.29,62.87
2022-05-17,51.34,51.31,51.4
2022-05-18,49.34,50.65,46.72
2022-05-19,51.65,50.98,52.99
2022-05-20,56.04,52.66,62.8
2022-05-23,66.89,57.4,85.87
2022-05-24,45.19,53.33,28.91
2022-05-25,46.93,51.2,38.39
2022-05-26,54.12,52.17,58.02
2022-05-27,50.02,51.45,47.16
2022-05-30,43.41,48.77,32.69
2022-05-31,45.6,47.71,41.38
2022-06-01,47.35,47.59,46.87
2022-06-02,62.6,52.59,82.62
2022-06-06,73.97,59.71,102.49
2022-06-07,74.65,64.69,94.57
2022-06-08,75.81,68.39,90.65
2022-06-09,66.49,67.76,63.95
2022-06-10,61.52,65.68,53.2
2022-06-13,59.25,63.54,50.67
2022-06-14,50.77,59.29,33.73
2022-06-15,52.1,56.9,42.5
2022-06-16,62.54,58.78,70.06
2022-06-17,61.45,59.67,65.01
2022-06-20,61.46,60.27,63.84
2022-06-21,66.73,62.42,75.35
2022-06-22,59.88,61.57,56.5
2022-06-23,56.38,59.84,49.46
2022-06-24,55.69,58.46,50.15
2022-06-27,57.46,58.13,56.12
2022-06-28,71.51,62.59,89.35
2022-06-29,69.16,64.78,77.92
2022-06-30,70.03,66.53,77.03
2022-07-01,70.84,67.97,76.58
2022-07-04,71.15,69.03,75.39
2022-07-05,64.75,67.6,59.05
2022-07-06,53.7,62.97,35.16
2022-07-07,39.16,55.04,7.4
2022-07-08,44.05,51.38,29.39
2022-07-11,31.86,44.88,5.82
2022-07-12,22.11,37.3,-8.27
2022-07-13,23.38,32.66,4.82
2022-07-14,22.58,29.3,9.14
2022-07-15,15.32,24.64,-3.32
2022-07-18,15.65,21.65,3.65
2022-07-19,36.67,26.65,56.71
2022-07-20,49.74,34.34,80.54
2022-07-21,62.04,43.56,99.0
2022-07-22,65.44,50.85,94.62
2022-07-25,61.48,54.39,75.66
2022-07-26,63.59,57.45,75.87
2022-07-27,66.51,60.47,78.59
2022-07-28,69.78,63.57,82.2
2022-07-29,67.74,64.96,73.3
2022-08-01,59.21,63.05,51.53
2022-08-02,46.01,57.38,23.27
2022-08-03,35.52,50.1,6.36
2022-08-04,37.13,45.78,19.83
2022-08-05,53.92,48.49,64.78
2022-08-08,63.01,53.33,82.37
2022-08-09,65.06,57.24,80.7
2022-08-10,65.57,60.01,76.69
2022-08-11,67.82,62.61,78.24
2022-08-12,68.2,64.47,75.66
2022-08-15,63.82,64.25,62.96
2022-08-16,58.32,62.28,50.4
2022-08-17,53.46,59.34,41.7
2022-08-18,38.59,52.43,10.91
2022-08-19,26.35,43.75,-8.45
2022-08-22,30.64,39.38,13.16
2022-08-23,28.39,35.72,13.73
2022-08-24,18.94,30.13,-3.44
2022-08-25,14.59,24.96,-6.15
2022-08-26,9.98,19.97,-10.0
2022-08-29,16.65,18.86,12.23
2022-08-30,22.83,20.18,28.13
2022-08-31,25.37,21.91,32.29
2022-09-01,27.64,23.82,35.28
2022-09-02,37.13,28.25,54.89
2022-09-05,41.53,32.67,59.25
2022-09-06,46.95,37.43,65.99
2022-09-07,48.05,40.97,62.21
2022-09-08,42.31,41.42,44.09
2022-09-09,34.65,39.17,25.61
2022-09-13,34.74,37.69,28.84
2022-09-14,40.33,38.57,43.85
2022-09-15,30.81,35.99,20.45
2022-09-16,24.46,32.15,9.08
2022-09-19,20.51,28.27,4.99
2022-09-20,17.75,24.77,3.71
2022-09-21,25.38,24.97,26.2
2022-09-22,31.45,27.13,40.09
2022-09-23,26.02,26.76,24.54
2022-09-26,17.53,23.69,5.21
2022-09-27,20.88,22.75,17.14
2022-09-28,16.05,20.52,7.11
2022-09-29,11.9,17.65,0.4
2022-09-30,7.94,14.42,-5.02
2022-10-10,5.57,11.47,-6.23
2022-10-11,8.24,10.39,3.94
2022-10-12,20.17,13.65,33.21
2022-10-13,40.47,22.58,76.25
2022-10-14,57.49,34.21,104.05
2022-10-17,68.94,45.78,115.26
2022-10-18,75.11,55.55,114.23
2022-10-19,78.57,63.22,109.27
2022-10-20,81.32,69.25,105.46
2022-10-21,82.25,73.58,99.59
2022-10-24,80.28,75.81,89.22
2022-10-25,72.02,74.55,66.96
2022-10-26,79.24,76.11,85.5
2022-10-27,84.11,78.77,94.79
2022-10-28,75.64,77.73,71.46
2022-10-31,77.0,77.49,76.02
2022-11-01,81.37,78.78,86.55
2022-11-02,79.86,79.14,81.3
2022-11-03,77.31,78.53,74.87
2022-11-04,75.89,77.65,72.37
2022-11-07,79.94,78.41,83.0
2022-11-08,77.78,78.2,76.94
2022-11-09,71.65,76.02,62.91
2022-11-10,76.83,76.29,77.91
2022-11-11,64.17,72.25,48.01
2022-11-14,72.04,72.18,71.76
2022-11-15,78.34,74.23,86.56
2022-11-16,76.16,74.87,78.74
2022-11-17,72.36,74.03,69.02
2022-11-18,65.33,71.13,53.73
2022-11-21,56.32,66.2,36.56
2022-11-22,45.74,59.39,18.44
2022-11-23,33.69,50.83,-0.59
2022-11-24,25.24,42.31,-8.9
2022-11-25,17.6,34.08,-15.36
2022-11-28,12.63,26.94,-15.99
2022-11-29,11.44,21.78,-9.24
2022-11-30,8.86,17.48,-8.38
2022-12-01,10.42,15.13,1.0
2022-12-02,17.41,15.89,20.45
2022-12-05,29.45,20.41,47.53
2022-12-06,27.04,22.62,35.88
2022-12-07,33.68,26.3,48.44
2022-12-08,23.3,25.3,19.3
2022-12-09,30.6,27.06,37.68
2022-12-12,31.79,28.64,38.09
2022-12-13,22.63,26.64,14.61
2022-12-14,16.5,23.26,2.98
2022-12-15,17.58,21.37,10.0
2022-12-16,11.73,18.16,-1.13
2022-12-19,8.96,15.1,-3.32
2022-12-20,6.6,12.27,-4.74
2022-12-21,6.88,10.48,-0.32
2022-12-22,4.59,8.52,-3.27
2022-12-23,13.29,10.11,19.65
2022-12-26,22.24,14.15,38.42
2022-12-27,26.46,18.25,42.88
2022-12-28,25.41,20.63,34.97
2022-12-29,27.95,23.07,37.71
2022-12-30,42.68,29.6,68.84
2023-01-03,60.91,40.03,102.67
2023-01-04,72.68,50.9,116.24
2023-01-05,77.22,59.66,112.34
2023-01-06,74.63,64.65,94.59
2023-01-09,73.13,67.47,84.45
2023-01-10,75.72,70.22,86.72
2023-01-11,72.59,71.01,75.75
2023-01-12,73.24,71.75,76.22
2023-01-13,70.71,71.4,69.33
2023-01-16,69.84,70.88,67.76
2023-01-17,60.93,67.57,47.65
2023-01-18,61.54,65.56,53.5
2023-01-19,72.93,68.01,82.77
2023-01-20,78.66,71.56,92.86
2023-01-30,83.11,75.41,98.51
2023-01-31,80.89,77.23,88.21
2023-02-01,85.74,80.06,97.1
2023-02-02,83.09,81.07,87.13
2023-02-03,86.44,82.86,93.6
2023-02-06,87.5,84.41,93.68
2023-02-07,85.97,84.93,88.05
2023-02-08,81.77,83.88,77.55
2023-02-09,75.06,80.94,63.3
2023-02-10,70.24,77.38,55.96
2023-02-13,69.56,74.78,59.12
2023-02-14,65.72,71.76,53.64
2023-02-15,73.61,72.38,76.07
2023-02-16,77.18,73.98,83.58
2023-02-17,72.78,73.58,71.18
2023-02-20,80.26,75.8,89.18
2023-02-21,80.62,77.41,87.04
2023-02-22,76.52,77.11,75.34
2023-02-23,67.06,73.76,53.66
2023-02-24,58.16,68.57,37.34
2023-02-27,47.98,61.71,20.52
2023-02-28,37.01,53.48,4.07
2023-03-01,39.64,48.87,21.18
2023-03-02,54.54,50.76,62.1
2023-03-03,67.63,56.38,90.13
2023-03-06,71.47,61.4,91.61
2023-03-07,73.91,65.57,90.59
2023-03-08,71.11,67.41,78.51
2023-03-09,68.73,67.85,70.49
2023-03-10,67.55,67.75,67.15
2023-03-13,78.36,71.28,92.52
2023-03-14,77.0,73.18,84.64
2023-03-15,75.13,73.83,77.73
2023-03-16,76.28,74.65,79.54
2023-03-17,77.62,75.64,81.58
2023-03-20,81.6,77.62,89.56
2023-03-21,79.21,78.15,81.33
2023-03-22,84.03,80.11,91.87
2023-03-23,84.73,81.65,90.89
2023-03-24,83.67,82.32,86.37
2023-03-27,84.4,83.01,87.18
2023-03-28,72.91,79.65,59.43
2023-03-29,63.37,74.23,41.65
2023-03-30,56.3,68.26,32.38
2023-03-31,58.01,64.85,44.33
2023-04-03,68.56,66.09,73.5
2023-04-04,64.87,65.68,63.25
2023-04-06,44.87,58.75,17.11
2023-04-07,41.8,53.11,19.18
2023-04-10,33.96,46.73,8.42
2023-04-11,37.16,43.54,24.4
2023-04-12,58.09,48.39,77.49
2023-04-13,62.14,52.97,80.48
2023-04-14,60.42,55.45,70.36
2023-04-17,57.02,55.97,59.12
2023-04-18,61.87,57.93,69.75
2023-04-19,67.48,61.11,80.22
2023-04-20,78.31,66.84,101.25
2023-04-21,81.68,71.78,101.48
2023-04-24,85.45,76.33,103.69
2023-04-25,89.93,80.86,108.07
2023-04-26,89.97,83.89,102.13
2023-04-27,82.95,83.58,81.69
2023-04-28,88.63,85.26,95.37
2023-05-04,89.93,86.82,96.15
2023-05-05,84.28,85.97,80.9
2023-05-08,77.8,83.25,66.9
2023-05-09,72.23,79.58,57.53
2023-05-10,72.32,77.16,62.64
2023-05-11,66.8,73.71,52.98
2023-05-12,58.23,68.56,37.57
2023-05-15,53.54,63.56,33.5
2023-05-16,38.28,55.14,4.56
2023-05-17,29.84,46.72,-3.92
2023-05-18,31.19,41.55,10.47
2023-05-19,22.2,35.11,-3.62
2023-05-22,19.31,29.85,-1.77
2023-05-23,18.38,26.03,3.08
2023-05-24,19.33,23.8,10.39
2023-05-25,18.19,21.93,10.71
2023-05-26,41.17,28.34,66.83
2023-05-29,49.4,35.35,77.5
2023-05-30,63.39,44.69,100.79
2023-05-31,70.74,53.36,105.5
2023-06-01,72.93,59.88,99.03
2023-06-02,67.75,62.5,78.25
2023-06-05,64.99,63.33,68.31
2023-06-06,61.11,62.59,58.15
2023-06-07,58.93,61.37,54.05
2023-06-08,44.44,55.73,21.86
2023-06-09,34.4,48.63,5.94
2023-06-12,25.11,40.8,-6.27
2023-06-13,23.4,35.01,0.18
2023-06-14,34.07,34.7,32.81
2023-06-15,37.88,35.76,42.12
2023-06-16,51.76,41.09,73.1
2023-06-19,65.42,49.19,97.88
2023-06-20,70.01,56.12,97.79
2023-06-21,59.56,57.27,64.14
2023-06-26,43.49,52.68,25.11
2023-06-27,31.37,45.58,2.95
2023-06-28,22.86,38.01,-7.44
2023-06-29,16.4,30.81,-12.42
2023-06-30,13.73,25.12,-9.05
2023-07-03,12.67,20.97,-3.93
2023-07-04,12.25,18.07,0.61
2023-07-05,11.37,15.84,2.43
2023-07-06,12.6,14.76,8.28
2023-07-07,12.3,13.94,9.02
2023-07-10,12.65,13.51,10.93
2023-07-11,19.82,15.61,28.24
2023-07-12,14.69,15.3,13.47
2023-07-13,15.27,15.29,15.23
2023-07-14,23.4,17.99,34.22
2023-07-17,16.57,17.52,14.67
2023-07-18,12.93,15.99,6.81
2023-07-19,18.38,16.79,21.56
2023-07-20,13.85,15.81,9.93
2023-07-21,12.15,14.59,7.27
2023-07-24,14.45,14.54,14.27
2023-07-25,31.36,20.14,53.8
2023-07-26,32.03,24.1,47.89
2023-07-27,28.53,25.58,34.43
2023-07-28,19.92,23.7,12.36
2023-07-31,18.58,22.0,11.74
2023-08-01,15.98,20.0,7.94
2023-08-02,13.19,17.73,4.11
2023-08-03,11.14,15.54,2.34
2023-08-04,12.36,14.48,8.12
2023-08-07,19.04,16.0,25.12
2023-08-08,26.07,19.35,39.51
2023-08-09,22.81,20.5,27.43
2023-08-10,21.75,20.92,23.41
2023-08-11,20.62,20.82,20.22
2023-08-14,39.64,27.09,64.74
2023-08-15,39.29,31.15,55.57
2023-08-16,31.87,31.39,32.83
2023-08-17,33.04,31.94,35.24
2023-08-18,22.86,28.92,10.74
2023-08-21,18.95,25.6,5.65
2023-08-22,27.77,26.32,30.67
2023-08-23,20.28,24.31,12.22
2023-08-24,13.6,20.74,-0.68
2023-08-25,10.41,17.3,-3.37
2023-08-28,13.82,16.14,9.18
2023-08-29,25.77,19.35,38.61
2023-08-30,45.42,28.03,80.2
2023-08-31,49.43,35.16,77.97
2023-09-01,48.77,39.69,66.93
2023-09-04,50.01,43.13,63.77
2023-09-05,42.03,42.76,40.57
2023-09-06,30.93,38.82,15.15
2023-09-07,20.69,32.78,-3.49
2023-09-08,15.02,26.87,-8.68
2023-09-11,16.57,23.44,2.83
2023-09-12,18.4,21.76,11.68
2023-09-13,14.81,19.45,5.53
2023-09-14,11.19,16.7,0.17
2023-09-15,8.94,14.12,-1.42
2023-09-18,6.62,11.62,-3.38
2023-09-19,8.51,10.58,4.37
2023-09-20,6.12,9.09,0.18
2023-09-21,5.11,7.76,-0.19
2023-09-22,29.18,14.89,57.76
2023-09-25,48.51,26.09,93.35
2023-09-26,60.12,37.42,105.52
2023-09-27,67.71,47.51,108.11
2023-09-28,76.21,57.07,114.49
2023-10-09,73.31,62.48,94.97
2023-10-10,71.38,65.44,83.26
2023-10-11,72.58,67.82,82.1
2023-10-12,70.58,68.74,74.26
2023-10-13,59.11,65.53,46.27
2023-10-16,41.66,57.58,9.82
2023-10-17,31.18,48.79,-4.04
2023-10-18,25.27,40.96,-6.11
2023-10-19,19.11,33.68,-10.03
2023-10-20,13.41,26.93,-13.63
2023-10-23,10.17,21.35,-12.19
2023-10-24,16.56,19.75,10.18
2023-10-25,20.96,20.15,22.58
2023-10-26,26.71,22.33,35.47
2023-10-27,33.59,26.08,48.61
2023-10-30,47.29,33.14,75.59
2023-10-31,53.69,39.98,81.11
2023-11-01,51.75,43.9,67.45
2023-11-02,50.82,46.2,60.06
2023-11-03,62.29,51.56,83.75
2023-11-06,74.76,59.29,105.7
2023-11-07,79.57,66.04,106.63
2023-11-08,79.76,70.61,98.06
2023-11-09,78.62,73.28,89.3
2023-11-10,74.03,73.53,75.03
2023-11-13,74.89,73.98,76.71
2023-11-14,75.17,74.38,76.75
2023-11-15,71.23,73.33,67.03
2023-11-16,57.46,68.05,36.28
2023-11-17,45.95,60.69,16.47
2023-11-20,38.03,53.14,7.81
2023-11-21,29.5,45.27,-2.04
2023-11-22,19.68,36.75,-14.46
2023-11-23,17.01,30.18,-9.33
2023-11-24,13.37,24.58,-9.05
2023-11-27,10.08,19.75,-9.26
2023-11-28,9.92,16.48,-3.2
2023-11-29,6.62,13.2,-6.54
2023-11-30,6.49,10.97,-2.47
2023-12-01,37.63,19.85,73.19
2023-12-04,57.02,32.23,106.6
2023-12-05,64.37,42.93,107.25
2023-12-06,69.19,51.67,104.23
2023-12-07,73.97,59.1,103.71
2023-12-08,78.28,65.49,103.86
2023-12-11,80.19,70.39,99.79
2023-12-12,79.84,73.54,92.44
2023-12-13,74.89,73.99,76.69
2023-12-14,63.47,70.49,49.43
2023-12-15,54.32,65.11,32.74
2023-12-18,45.51,58.58,19.37
2023-12-19,42.15,53.11,20.23
2023-12-20,28.21,44.82,-5.01
2023-12-21,28.64,39.43,7.06
2023-12-22,28.39,35.75,13.67
2023-12-25,29.23,33.58,20.53
2023-12-26,25.77,30.98,15.35
2023-12-27,22.79,28.25,11.87
2023-12-28,27.67,28.06,26.89
2023-12-29,33.6,29.9,41.0
2024-01-02,31.37,30.39,33.33
2024-01-03,30.98,30.59,31.76
2024-01-04,27.13,29.44,22.51
2024-01-05,21.16,26.68,10.12
2024-01-08,18.22,23.86,6.94
2024-01-09,14.39,20.71,1.75
2024-01-10,11.44,17.62,-0.92
2024-01-11,16.46,17.23,14.92
2024-01-12,14.48,16.31,10.82
2024-01-15,12.49,15.04,7.39
2024-01-16,16.87,15.65,19.31
2024-01-17,28.88,20.06,46.52
2024-01-18,44.78,28.29,77.76
2024-01-19,48.42,34.99,75.28
2024-01-22,48.44,39.47,66.38
2024-01-23,58.98,45.97,85.0
2024-01-24,62.21,51.38,83.87
2024-01-25,69.01,57.25,92.53
2024-01-26,67.0,60.5,80.0
2024-01-29,49.95,56.99,35.87
2024-01-30,37.91,50.64,12.45
2024-01-31,31.06,44.12,4.94
2024-02-01,28.8,39.02,8.36
2024-02-02,27.3,35.12,11.66
2024-02-05,22.43,30.89,5.51
2024-02-06,27.68,29.82,23.4
2024-02-07,30.22,29.95,30.76
2024-02-08,43.14,34.34,60.74
2024-02-19,62.07,43.57,99.07
2024-02-20,65.47,50.86,94.69
2024-02-21,64.39,55.37,82.43
2024-02-22,65.29,58.67,78.53
2024-02-23,68.02,61.78,80.5
2024-02-26,67.46,63.67,75.04
2024-02-27,67.6,64.98,72.84
2024-02-28,59.73,63.23,52.73
2024-02-29,48.12,58.2,27.96
2024-03-01,46.73,54.38,31.43
2024-03-04,55.54,54.77,57.08
2024-03-05,58.01,55.85,62.33
2024-03-06,56.88,56.19,58.26
2024-03-07,47.84,53.41,36.7
2024-03-08,44.28,50.37,32.1
2024-03-11,42.15,47.63,31.19
2024-03-12,37.87,44.38,24.85
2024-03-13,35.14,41.3,22.82
2024-03-14,27.79,36.8,9.77
2024-03-15,25.79,33.13,11.11
2024-03-18,34.05,33.44,35.27
2024-03-19,36.96,34.61,41.66
2024-03-20,46.91,38.71,63.31
2024-03-21,58.79,45.4,85.57
2024-03-22,67.92,52.9,97.96
2024-03-25,58.04,54.61,64.9
2024-03-26,41.01,50.08,22.87
2024-03-27,27.87,42.68,-1.75
2024-03-28,23.84,36.41,-1.3
2024-03-29,17.36,30.07,-8.06
2024-04-01,17.7,25.95,1.2
2024-04-02,14.5,22.14,-0.78
2024-04-03,9.71,18.0,-6.87
2024-04-08,7.53,14.51,-6.43
2024-04-09,7.4,12.14,-2.08
2024-04-10,5.3,9.86,-3.82
2024-04-11,7.06,8.93,3.32
2024-04-12,9.85,9.24,11.07
2024-04-15,10.11,9.53,11.27
2024-04-16,6.81,8.62,3.19
2024-04-17,14.74,10.66,22.9
2024-04-18,20.87,14.06,34.49
2024-04-19,31.87,19.99,55.63
2024-04-22,36.88,25.61,59.42
2024-04-23,54.25,35.15,92.45
2024-04-24,68.29,46.19,112.49
2024-04-25,69.07,53.81,99.59
2024-04-26,76.97,61.52,107.87
2024-04-29,77.34,66.79,98.44
2024-04-30,75.71,69.76,87.61
2024-05-06,74.59,71.37,81.03
2024-05-07,69.1,70.61,66.08
2024-05-08,52.43,64.56,28.17
2024-05-09,40.04,56.39,7.34
2024-05-10,27.82,46.88,-10.3
2024-05-13,31.94,41.9,12.02
2024-05-14,28.89,37.57,11.53
2024-05-15,19.41,31.52,-4.81
2024-05-16,14.47,25.84,-8.27
2024-05-17,17.57,23.09,6.53
2024-05-20,21.42,22.53,19.2
2024-05-21,25.59,23.55,29.67
2024-05-22,26.52,24.54,30.48
2024-05-23,18.24,22.44,9.84
2024-05-24,12.22,19.04,-1.42
2024-05-27,20.33,19.47,22.05
2024-05-28,15.86,18.27,11.04
2024-05-29,13.07,16.54,6.13
2024-05-30,15.04,16.04,13.04
2024-05-31,20.31,17.46,26.01
2024-06-03,32.39,22.43,52.31
2024-06-04,43.94,29.59,72.64
2024-06-05,29.86,29.68,30.22
2024-06-06,20.06,26.48,7.22
2024-06-07,14.42,22.46,-1.66
2024-06-11,12.87,19.27,0.07
2024-06-12,12.95,17.17,4.51
2024-06-13,12.69,15.68,6.71
2024-06-14,13.67,15.01,10.99
2024-06-17,13.89,14.64,12.39
2024-06-18,32.17,20.48,55.55
2024-06-19,42.81,27.92,72.59
2024-06-20,36.97,30.93,49.05
2024-06-21,31.31,31.06,31.81
2024-06-24,21.6,27.91,8.98
2024-06-25,16.83,24.22,2.05
2024-06-26,40.51,29.64,62.25
2024-06-27,47.5,35.59,71.32
2024-06-28,48.21,39.79,65.05
2024-07-01,48.21,42.59,59.45
2024-07-02,47.43,44.2,53.89
2024-07-03,41.81,43.4,38.63
2024-07-04,33.47,40.09,20.23
2024-07-05,30.96,37.05,18.78
2024-07-08,21.28,31.8,0.24
2024-07-09,21.25,28.29,7.17
2024-07-10,21.64,26.08,12.76
2024-07-11,28.34,26.83,31.36
2024-07-12,27.7,27.12,28.86
2024-07-15,27.33,27.19,27.61
2024-07-16,35.71,30.03,47.07
2024-07-17,40.76,33.6,55.08
2024-07-18,36.84,34.68,41.16
2024-07-19,35.93,35.1,37.59
2024-07-22,38.18,36.13,42.28
2024-07-23,27.86,33.38,16.82
2024-07-24,18.99,28.59,-0.21
2024-07-25,14.04,23.74,-5.36
2024-07-26,15.51,21.0,4.53
2024-07-29,17.64,19.88,13.16
2024-07-30,20.05,19.94,20.27
2024-07-31,36.85,25.57,59.41
2024-08-01,44.42,31.85,69.56
2024-08-02,43.85,35.85,59.85
2024-08-05,29.42,33.71,20.84
2024-08-06,27.34,31.59,18.84
2024-08-07,19.36,27.52,3.04
2024-08-08,19.8,24.95,9.5
2024-08-09,14.33,21.41,0.17
2024-08-12,10.94,17.92,-3.02
2024-08-13,11.96,15.94,4.0
2024-08-14,15.61,15.83,15.17
2024-08-15,22.77,18.14,32.03
2024-08-16,15.88,17.39,12.86
2024-08-19,15.05,16.61,11.93
2024-08-20,10.45,14.56,2.23
2024-08-21,7.33,12.15,-2.31
2024-08-22,5.49,9.93,-3.39
2024-08-23,7.22,9.03,3.6
2024-08-26,7.76,8.61,6.06
2024-08-27,6.1,7.77,2.76
2024-08-28,8.21,7.92,8.79
2024-08-29,13.07,9.63,19.95
2024-08-30,25.63,14.96,46.97
2024-09-02,19.37,16.43,25.25
2024-09-03,23.3,18.72,32.46
2024-09-04,22.43,19.96,27.37
2024-09-05,29.2,23.04,41.52
2024-09-06,24.23,23.44,25.81
2024-09-09,20.74,22.54,17.14
2024-09-10,30.0,25.02,39.96
2024-09-11,41.27,30.43,62.95
2024-09-12,49.06,36.63,73.92
2024-09-13,46.51,39.92,59.69
2024-09-18,35.21,38.35,28.93
2024-09-19,32.73,36.48,25.23
2024-09-20,29.7,34.22,20.66
2024-09-23,25.72,31.39,14.38
2024-09-24,35.36,32.71,40.66
2024-09-25,47.24,37.55,66.62
2024-09-26,60.34,45.14,90.74
2024-09-27,71.69,53.98,107.11
2024-09-30,81.12,63.02,117.32
2024-10-08,87.41,71.14,119.95
2024-10-09,84.05,75.44,101.27
2024-10-10,75.76,75.55,76.18
2024-10-11,65.31,72.14,51.65
2024-10-14,60.19,68.16,44.25
2024-10-15,54.88,63.74,37.16
2024-10-16,49.91,59.13,31.47
2024-10-17,47.93,55.4,32.99
2024-10-18,45.85,52.22,33.11
2024-10-21,46.4,50.28,38.64
2024-10-22,54.69,51.75,60.57
2024-10-23,51.94,51.81,52.2
2024-10-24,49.48,51.03,46.38
2024-10-25,46.86,49.64,41.3
2024-10-28,50.21,49.83,50.97
2024-10-29,44.61,48.09,37.65
2024-10-30,35.46,43.88,18.62
2024-10-31,28.07,38.62,6.97
2024-11-01,18.99,32.08,-7.19
2024-11-04,18.1,27.42,-0.54
2024-11-05,26.39,27.08,25.01
2024-11-06,32.33,28.83,39.33
2024-11-07,39.94,32.53,54.76
2024-11-08,46.67,37.24,65.53
2024-11-11,61.32,45.26,93.44
2024-11-12,62.63,51.04,85.81
2024-11-13,69.21,57.09,93.45
2024-11-14,69.26,61.14,85.5
2024-11-15,71.55,64.61,85.43
2024-11-18,54.38,61.2,40.74
2024-11-19,42.58,55.0,17.74
2024-11-20,39.13,49.72,17.95
2024-11-21,36.17,45.21,18.09
2024-11-22,33.11,41.18,16.97
2024-11-25,32.76,38.38,21.52
2024-11-26,31.11,35.96,21.41
2024-11-27,34.78,35.57,33.2
2024-11-28,33.95,35.03,31.79
2024-11-29,54.99,44.24,76.49
